<ImportExportXml version="9.2.22085.164" SolutionPackageVersion="9.2" languagecode="1033" generatedBy="CrmLive" xmlns:xsi="http://www.w3.org/2001/XMLSchema-instance">
  <SolutionManifest>
    <UniqueName>mksinfotech</UniqueName>
    <LocalizedNames>
      <LocalizedName description="mks infotech" languagecode="1033" />
    </LocalizedNames>
    <Descriptions />
    <Version>1.0</Version>
    <Managed>0</Managed>
    <Publisher>
      <UniqueName>mks</UniqueName>
      <LocalizedNames>
        <LocalizedName description="mks" languagecode="1033" />
      </LocalizedNames>
      <Descriptions />
      <EMailAddress xsi:nil="true"></EMailAddress>
      <SupportingWebsiteUrl xsi:nil="true"></SupportingWebsiteUrl>
      <CustomizationPrefix>mks</CustomizationPrefix>
      <CustomizationOptionValuePrefix>96561</CustomizationOptionValuePrefix>
      <Addresses>
        <Address>
          <AddressNumber>1</AddressNumber>
          <AddressTypeCode>1</AddressTypeCode>
          <City xsi:nil="true"></City>
          <County xsi:nil="true"></County>
          <Country xsi:nil="true"></Country>
          <Fax xsi:nil="true"></Fax>
          <FreightTermsCode xsi:nil="true"></FreightTermsCode>
          <ImportSequenceNumber xsi:nil="true"></ImportSequenceNumber>
          <Latitude xsi:nil="true"></Latitude>
          <Line1 xsi:nil="true"></Line1>
          <Line2 xsi:nil="true"></Line2>
          <Line3 xsi:nil="true"></Line3>
          <Longitude xsi:nil="true"></Longitude>
          <Name xsi:nil="true"></Name>
          <PostalCode xsi:nil="true"></PostalCode>
          <PostOfficeBox xsi:nil="true"></PostOfficeBox>
          <PrimaryContactName xsi:nil="true"></PrimaryContactName>
          <ShippingMethodCode>1</ShippingMethodCode>
          <StateOrProvince xsi:nil="true"></StateOrProvince>
          <Telephone1 xsi:nil="true"></Telephone1>
          <Telephone2 xsi:nil="true"></Telephone2>
          <Telephone3 xsi:nil="true"></Telephone3>
          <TimeZoneRuleVersionNumber xsi:nil="true"></TimeZoneRuleVersionNumber>
          <UPSZone xsi:nil="true"></UPSZone>
          <UTCOffset xsi:nil="true"></UTCOffset>
          <UTCConversionTimeZoneCode xsi:nil="true"></UTCConversionTimeZoneCode>
        </Address>
        <Address>
          <AddressNumber>2</AddressNumber>
          <AddressTypeCode>1</AddressTypeCode>
          <City xsi:nil="true"></City>
          <County xsi:nil="true"></County>
          <Country xsi:nil="true"></Country>
          <Fax xsi:nil="true"></Fax>
          <FreightTermsCode xsi:nil="true"></FreightTermsCode>
          <ImportSequenceNumber xsi:nil="true"></ImportSequenceNumber>
          <Latitude xsi:nil="true"></Latitude>
          <Line1 xsi:nil="true"></Line1>
          <Line2 xsi:nil="true"></Line2>
          <Line3 xsi:nil="true"></Line3>
          <Longitude xsi:nil="true"></Longitude>
          <Name xsi:nil="true"></Name>
          <PostalCode xsi:nil="true"></PostalCode>
          <PostOfficeBox xsi:nil="true"></PostOfficeBox>
          <PrimaryContactName xsi:nil="true"></PrimaryContactName>
          <ShippingMethodCode>1</ShippingMethodCode>
          <StateOrProvince xsi:nil="true"></StateOrProvince>
          <Telephone1 xsi:nil="true"></Telephone1>
          <Telephone2 xsi:nil="true"></Telephone2>
          <Telephone3 xsi:nil="true"></Telephone3>
          <TimeZoneRuleVersionNumber xsi:nil="true"></TimeZoneRuleVersionNumber>
          <UPSZone xsi:nil="true"></UPSZone>
          <UTCOffset xsi:nil="true"></UTCOffset>
          <UTCConversionTimeZoneCode xsi:nil="true"></UTCConversionTimeZoneCode>
        </Address>
      </Addresses>
    </Publisher>
    <RootComponents>
      <RootComponent type="1" schemaName="account" behavior="0" />
      <RootComponent type="1" schemaName="contact" behavior="1" />
      <RootComponent type="1" schemaName="contract" behavior="0" />
      <RootComponent type="1" schemaName="customeraddress" behavior="1" />
      <RootComponent type="1" schemaName="msdyn_accountkpiitem" behavior="2" />
      <RootComponent type="1" schemaName="msdyn_aicontactsuggestion" behavior="2" />
      <RootComponent type="1" schemaName="msdyn_customerasset" behavior="2" />
      <RootComponent type="1" schemaName="msdyn_dailyaccountkpiitem" behavior="2" />
      <RootComponent type="1" schemaName="msdyn_iotdevice" behavior="2" />
      <RootComponent type="1" schemaName="msdyn_liveconversation" behavior="2" />
      <RootComponent type="1" schemaName="msdyn_mostcontacted" behavior="2" />
      <RootComponent type="1" schemaName="msdyn_mostcontactedby" behavior="2" />
      <RootComponent type="1" schemaName="msdyn_ocliveworkitem" behavior="2" />
      <RootComponent type="1" schemaName="msdyn_preferredagent" behavior="2" />
      <RootComponent type="1" schemaName="msdyn_salesaccelerationinsight" behavior="2" />
      <RootComponent type="1" schemaName="msdyn_salespremiumdemo" behavior="2" />
      <RootComponent type="1" schemaName="msdyn_salessuggestion" behavior="2" />
      <RootComponent type="1" schemaName="msdyn_segment" behavior="0" />
      <RootComponent type="1" schemaName="msdyn_sequencetarget" behavior="2" />
      <RootComponent type="1" schemaName="msdyn_swarm" behavior="2" />
      <RootComponent type="60" id="{15915835-b87c-49ec-9ffc-bfac3ac44ef1}" />
      <RootComponent type="61" schemaName="mks_customscript" behavior="0" />
      <RootComponent type="61" schemaName="mks_html" behavior="0" />
    </RootComponents>
    <MissingDependencies>
      <MissingDependency>
        <Required type="1" schemaName="contract" displayName="Contract" solution="msdynce_Service (9.0.5.56)">
          <package>msdynce_ServiceAnchor (9.0.22084.1015)</package>
        </Required>
        <Dependent type="1" schemaName="contract" displayName="Contract" />
      </MissingDependency>
      <MissingDependency>
        <Required type="1" schemaName="contract" displayName="Contract" solution="msdynce_Service (9.0.5.56)">
          <package>msdynce_ServiceAnchor (9.0.22084.1015)</package>
        </Required>
        <Dependent type="2" schemaName="billingcustomeridname" parentSchemaName="contract" parentDisplayName="Contract" />
      </MissingDependency>
      <MissingDependency>
        <Required type="1" schemaName="contract" displayName="Contract" solution="msdynce_Service (9.0.5.56)">
          <package>msdynce_ServiceAnchor (9.0.22084.1015)</package>
        </Required>
        <Dependent type="2" schemaName="billingcustomeridtype" displayName="Bill To Customer Type" parentSchemaName="contract" parentDisplayName="Contract" />
      </MissingDependency>
      <MissingDependency>
        <Required type="1" schemaName="contract" displayName="Contract" solution="msdynce_Service (9.0.5.56)">
          <package>msdynce_ServiceAnchor (9.0.22084.1015)</package>
        </Required>
        <Dependent type="2" schemaName="billingcustomeridyominame" parentSchemaName="contract" parentDisplayName="Contract" />
      </MissingDependency>
      <MissingDependency>
        <Required type="1" schemaName="contract" displayName="Contract" solution="msdynce_Service (9.0.5.56)">
          <package>msdynce_ServiceAnchor (9.0.22084.1015)</package>
        </Required>
        <Dependent type="2" schemaName="customerid" displayName="Customer" parentSchemaName="contract" parentDisplayName="Contract" />
      </MissingDependency>
      <MissingDependency>
        <Required type="1" schemaName="contract" displayName="Contract" solution="msdynce_Service (9.0.5.56)">
          <package>msdynce_ServiceAnchor (9.0.22084.1015)</package>
        </Required>
        <Dependent type="2" schemaName="customeridname" parentSchemaName="contract" parentDisplayName="Contract" />
      </MissingDependency>
      <MissingDependency>
        <Required type="1" schemaName="contract" displayName="Contract" solution="msdynce_Service (9.0.5.56)">
          <package>msdynce_ServiceAnchor (9.0.22084.1015)</package>
        </Required>
        <Dependent type="2" schemaName="customeridtype" displayName="Customer Type" parentSchemaName="contract" parentDisplayName="Contract" />
      </MissingDependency>
      <MissingDependency>
        <Required type="1" schemaName="contract" displayName="Contract" solution="msdynce_Service (9.0.5.56)">
          <package>msdynce_ServiceAnchor (9.0.22084.1015)</package>
        </Required>
        <Dependent type="2" schemaName="customeridyominame" parentSchemaName="contract" parentDisplayName="Contract" />
      </MissingDependency>
      <MissingDependency>
        <Required type="1" schemaName="contract" displayName="Contract" solution="msdynce_Service (9.0.5.56)">
          <package>msdynce_ServiceAnchor (9.0.22084.1015)</package>
        </Required>
        <Dependent type="2" schemaName="exchangerate" displayName="Exchange Rate" parentSchemaName="contract" parentDisplayName="Contract" />
      </MissingDependency>
      <MissingDependency>
        <Required type="1" schemaName="contract" displayName="Contract" solution="msdynce_Service (9.0.5.56)">
          <package>msdynce_ServiceAnchor (9.0.22084.1015)</package>
        </Required>
        <Dependent type="2" schemaName="owneridtype" parentSchemaName="contract" parentDisplayName="Contract" />
      </MissingDependency>
      <MissingDependency>
        <Required type="1" schemaName="entitlement" displayName="Entitlement" solution="msdynce_Service (9.0.5.56)">
          <package>msdynce_ServiceAnchor (9.0.22084.1015)</package>
        </Required>
        <Dependent type="60" displayName="Contact" parentDisplayName="Contact" id="{1fed44d1-ae68-4a41-bd2b-f13acac4acfa}" />
      </MissingDependency>
      <MissingDependency>
        <Required type="1" schemaName="incident" displayName="Case" solution="msdynce_Service (9.0.5.56)">
          <package>msdynce_ServiceAnchor (9.0.22084.1015)</package>
        </Required>
        <Dependent type="60" displayName="Contact" parentDisplayName="Contact" id="{1fed44d1-ae68-4a41-bd2b-f13acac4acfa}" />
      </MissingDependency>
      <MissingDependency>
        <Required type="1" schemaName="incident" displayName="Case" solution="msdynce_Service (9.0.5.56)">
          <package>msdynce_ServiceAnchor (9.0.22084.1015)</package>
        </Required>
        <Dependent type="60" displayName="Contact for Multisession experience" parentDisplayName="Contact" id="{e06af4d1-2812-45c7-a9c2-9fb73fee7bec}" />
      </MissingDependency>
      <MissingDependency>
        <Required type="1" schemaName="incident" displayName="Case" solution="msdynce_Service (9.0.5.56)">
          <package>msdynce_ServiceAnchor (9.0.22084.1015)</package>
        </Required>
        <Dependent type="60" displayName="Account for Multisession experience" parentDisplayName="Account" id="{ff49442f-8c60-4877-bdae-8fe51e6f4636}" />
      </MissingDependency>
      <MissingDependency>
        <Required type="1" schemaName="lead" displayName="Lead" solution="msdynce_LeadManagement (9.0.4.0066)" />
        <Dependent type="1" schemaName="msdyn_segment" displayName="Segment" />
      </MissingDependency>
      <MissingDependency>
        <Required type="1" schemaName="msdyn_accountkpiitem" displayName="Account KPI Item" solution="RelationshipAnalytics (9.0.1.1698)" />
        <Dependent type="1" schemaName="msdyn_accountkpiitem" displayName="Account KPI Item" />
      </MissingDependency>
      <MissingDependency>
        <Required type="1" schemaName="msdyn_accountkpiitem" displayName="Account KPI Item" solution="RelationshipAnalytics (9.0.1.1698)" />
        <Dependent type="10" schemaName="msdyn_account_msdyn_accountkpiitem_accountid" displayName="msdyn_account_msdyn_accountkpiitem_accountid" parentSchemaName="account" parentDisplayName="Account" />
      </MissingDependency>
      <MissingDependency>
        <Required type="1" schemaName="msdyn_accountkpiitem" displayName="Account KPI Item" solution="RelationshipAnalytics (9.0.1.1698)" />
        <Dependent type="10" schemaName="msdyn_msdyn_accountkpiitem_account_accountkpiid" displayName="msdyn_msdyn_accountkpiitem_account_accountkpiid" parentSchemaName="msdyn_accountkpiitem" parentDisplayName="Account KPI Item" />
      </MissingDependency>
      <MissingDependency>
        <Required type="1" schemaName="msdyn_aicontactsuggestion" displayName="Teams Contact Suggestion by AI" solution="msdyn_Collaboration (9.1.22082.10003)" />
        <Dependent type="1" schemaName="msdyn_aicontactsuggestion" displayName="Teams Contact Suggestion by AI" />
      </MissingDependency>
      <MissingDependency>
        <Required type="1" schemaName="msdyn_assignmentrule" displayName="Assignment Rule" solution="msdyn_SalesRouting (9.1.2208.2001)" />
        <Dependent type="1" schemaName="msdyn_segment" displayName="Segment" />
      </MissingDependency>
      <MissingDependency>
        <Required type="1" schemaName="msdyn_customerasset" displayName="Customer Asset" solution="msdyn_AssetCommon (1.0.26.9)">
          <package>msdynce_ServiceAnchor (9.0.22084.1015)</package>
        </Required>
        <Dependent type="1" schemaName="msdyn_customerasset" displayName="Customer Asset" />
      </MissingDependency>
      <MissingDependency>
        <Required type="1" schemaName="msdyn_customerasset" displayName="Customer Asset" solution="msdyn_AssetCommon (1.0.26.9)">
          <package>msdynce_ServiceAnchor (9.0.22084.1015)</package>
        </Required>
        <Dependent type="10" schemaName="msdyn_account_msdyn_customerasset_Account" displayName="msdyn_account_msdyn_customerasset_Account" parentSchemaName="account" parentDisplayName="Account" />
      </MissingDependency>
      <MissingDependency>
        <Required type="1" schemaName="msdyn_customerasset" displayName="Customer Asset" solution="msdyn_AssetCommon (1.0.26.9)">
          <package>msdynce_ServiceAnchor (9.0.22084.1015)</package>
        </Required>
        <Dependent type="60" displayName="Account for Interactive experience" parentDisplayName="Account" id="{a72c7955-442b-4ea4-9499-b10cd18b4256}" />
      </MissingDependency>
      <MissingDependency>
        <Required type="1" schemaName="msdyn_dailyaccountkpiitem" displayName="Daily Kpis for account" solution="RelationshipAnalytics (9.0.1.1698)" />
        <Dependent type="1" schemaName="msdyn_dailyaccountkpiitem" displayName="Daily Kpis for account" />
      </MissingDependency>
      <MissingDependency>
        <Required type="1" schemaName="msdyn_dailyaccountkpiitem" displayName="Daily Kpis for account" solution="RelationshipAnalytics (9.0.1.1698)" />
        <Dependent type="10" schemaName="msdyn_account_dailyaccountkpiitem_entityid" displayName="msdyn_account_dailyaccountkpiitem_entityid" parentSchemaName="account" parentDisplayName="Account" />
      </MissingDependency>
      <MissingDependency>
        <Required type="1" schemaName="msdyn_iotdevice" displayName="IoT Device" solution="IoTConnector (1.8.9.7)">
          <package>msdynce_ServiceAnchor (9.0.22084.1015)</package>
        </Required>
        <Dependent type="1" schemaName="msdyn_iotdevice" displayName="IoT Device" />
      </MissingDependency>
      <MissingDependency>
        <Required type="1" schemaName="msdyn_iotdevice" displayName="IoT Device" solution="IoTConnector (1.8.9.7)">
          <package>msdynce_ServiceAnchor (9.0.22084.1015)</package>
        </Required>
        <Dependent type="10" schemaName="msdyn_account_msdyn_iotdevice_Account" displayName="msdyn_account_msdyn_iotdevice_Account" parentSchemaName="account" parentDisplayName="Account" />
      </MissingDependency>
      <MissingDependency>
        <Required type="1" schemaName="msdyn_liveconversation" displayName="Ongoing conversation (Deprecated)" solution="OmnichannelBase (1.5.0.5812)" />
        <Dependent type="1" schemaName="msdyn_liveconversation" displayName="Ongoing conversation (Deprecated)" />
      </MissingDependency>
      <MissingDependency>
        <Required type="1" schemaName="msdyn_liveconversation" displayName="Ongoing conversation (Deprecated)" solution="OmnichannelBase (1.5.0.5812)" />
        <Dependent type="2" schemaName="msdyn_customer" displayName="Customer" parentSchemaName="msdyn_liveconversation" parentDisplayName="Ongoing conversation (Deprecated)" />
      </MissingDependency>
      <MissingDependency>
        <Required type="1" schemaName="msdyn_mostcontacted" displayName="Most Contacted" solution="RelationshipAnalytics (9.0.1.1698)" />
        <Dependent type="1" schemaName="msdyn_mostcontacted" displayName="Most Contacted" />
      </MissingDependency>
      <MissingDependency>
        <Required type="1" schemaName="msdyn_mostcontacted" displayName="Most Contacted" solution="RelationshipAnalytics (9.0.1.1698)" />
        <Dependent type="10" schemaName="msdyn_account_msdyn_mostcontacted_regardingObjectId" displayName="msdyn_account_msdyn_mostcontacted_regardingObjectId" parentSchemaName="account" parentDisplayName="Account" />
      </MissingDependency>
      <MissingDependency>
        <Required type="1" schemaName="msdyn_mostcontactedby" displayName="Most Contacted By" solution="RelationshipAnalytics (9.0.1.1698)" />
        <Dependent type="1" schemaName="msdyn_mostcontactedby" displayName="Most Contacted By" />
      </MissingDependency>
      <MissingDependency>
        <Required type="1" schemaName="msdyn_mostcontactedby" displayName="Most Contacted By" solution="RelationshipAnalytics (9.0.1.1698)" />
        <Dependent type="10" schemaName="msdyn_account_msdyn_mostcontactedby_regardingObjectId" displayName="msdyn_account_msdyn_mostcontactedby_regardingObjectId" parentSchemaName="account" parentDisplayName="Account" />
      </MissingDependency>
      <MissingDependency>
        <Required type="1" schemaName="msdyn_ocliveworkitem" displayName="Conversation" solution="OmnichannelBase (1.5.0.5812)" />
        <Dependent type="1" schemaName="msdyn_ocliveworkitem" displayName="Conversation" />
      </MissingDependency>
      <MissingDependency>
        <Required type="1" schemaName="msdyn_ocliveworkitem" displayName="Conversation" solution="OmnichannelBase (1.5.0.5812)" />
        <Dependent type="2" schemaName="msdyn_customer" displayName="Customer" parentSchemaName="msdyn_ocliveworkitem" parentDisplayName="Conversation" />
      </MissingDependency>
      <MissingDependency>
        <Required type="1" schemaName="msdyn_preferredagent" displayName="Preferred Agent" solution="UnifiedRouting (1.0.0.2650)" />
        <Dependent type="1" schemaName="msdyn_preferredagent" displayName="Preferred Agent" />
      </MissingDependency>
      <MissingDependency>
        <Required type="1" schemaName="msdyn_preferredagent" displayName="Preferred Agent" solution="UnifiedRouting (1.0.0.2650)" />
        <Dependent type="2" schemaName="msdyn_recordid" displayName="Record Id" parentSchemaName="msdyn_preferredagent" parentDisplayName="Preferred Agent" />
      </MissingDependency>
      <MissingDependency>
        <Required type="1" schemaName="msdyn_salesaccelerationinsight" displayName="Sales acceleration insights" solution="msdyn_acceleratedsales (9.1.22082.10003)" />
        <Dependent type="1" schemaName="msdyn_salesaccelerationinsight" displayName="Sales acceleration insights" />
      </MissingDependency>
      <MissingDependency>
        <Required type="1" schemaName="msdyn_salesaccelerationinsight" displayName="Sales acceleration insights" solution="msdyn_acceleratedsales (9.1.22082.10003)" />
        <Dependent type="10" schemaName="msdyn_salesaccelerationinsights_account" displayName="msdyn_salesaccelerationinsights_account" parentSchemaName="account" parentDisplayName="Account" />
      </MissingDependency>
      <MissingDependency>
        <Required type="1" schemaName="msdyn_salesaccelerationinsight" displayName="Sales acceleration insights" solution="msdyn_acceleratedsales (9.1.22082.10003)" />
        <Dependent type="10" schemaName="msdyn_insightsid_salesaccelerationinsights" displayName="msdyn_insightsid_salesaccelerationinsights" parentSchemaName="msdyn_salesaccelerationinsight" parentDisplayName="Sales acceleration insights" />
      </MissingDependency>
      <MissingDependency>
        <Required type="1" schemaName="msdyn_salespremiumdemo" displayName="Sales Premium Demo" solution="msdyn_SalesPremiumSampleData (9.0.1.1128)" />
        <Dependent type="1" schemaName="msdyn_salespremiumdemo" displayName="Sales Premium Demo" />
      </MissingDependency>
      <MissingDependency>
        <Required type="1" schemaName="msdyn_salespremiumdemo" displayName="Sales Premium Demo" solution="msdyn_SalesPremiumSampleData (9.0.1.1128)" />
        <Dependent type="10" schemaName="msdyn_account_msdyn_salespremiumdemo_account" displayName="msdyn_account_msdyn_salespremiumdemo_account" parentSchemaName="account" parentDisplayName="Account" />
      </MissingDependency>
      <MissingDependency>
        <Required type="1" schemaName="msdyn_salesroutingrun" displayName="Sales routing run" solution="msdyn_SalesRouting (9.1.2208.2001)" />
        <Dependent type="1" schemaName="msdyn_segment" displayName="Segment" />
      </MissingDependency>
      <MissingDependency>
        <Required type="1" schemaName="msdyn_salessuggestion" displayName="Suggestion" solution="msdyn_acceleratedsales (9.1.22082.10003)" />
        <Dependent type="1" schemaName="msdyn_salessuggestion" displayName="Suggestion" />
      </MissingDependency>
      <MissingDependency>
        <Required type="1" schemaName="msdyn_salessuggestion" displayName="Suggestion" solution="msdyn_acceleratedsales (9.1.22082.10003)" />
        <Dependent type="2" schemaName="msdyn_relatedrecord" displayName="Related record" parentSchemaName="msdyn_salessuggestion" parentDisplayName="Suggestion" />
      </MissingDependency>
      <MissingDependency>
        <Required type="1" schemaName="msdyn_saruninstance" displayName="SARunInstance" solution="msdyn_segment (9.1.2208.2001)" />
        <Dependent type="1" schemaName="msdyn_segment" displayName="Segment" />
      </MissingDependency>
      <MissingDependency>
        <Required type="1" schemaName="msdyn_segment" displayName="Segment" solution="msdyn_segment (9.1.2208.2001)" />
        <Dependent type="1" schemaName="msdyn_segment" displayName="Segment" />
      </MissingDependency>
      <MissingDependency>
        <Required type="1" schemaName="msdyn_segment" displayName="Segment" solution="msdyn_segment (9.1.2208.2001)" />
        <Dependent type="10" schemaName="msdyn_msdyn_segment_account" displayName="msdyn_msdyn_segment_account" parentSchemaName="msdyn_segment" parentDisplayName="Segment" />
      </MissingDependency>
      <MissingDependency>
        <Required type="1" schemaName="msdyn_segment" displayName="Segment" solution="msdyn_segment (9.1.2208.2001)" />
        <Dependent type="10" schemaName="msdyn_msdyn_sequence_msdyn_segment_Sequence" displayName="msdyn_msdyn_sequence_msdyn_segment_Sequence" parentSchemaName="msdyn_sequence" parentDisplayName="Sequence" />
      </MissingDependency>
      <MissingDependency>
        <Required type="1" schemaName="msdyn_segment" displayName="Segment" solution="msdyn_segment (9.1.2208.2001)" />
        <Dependent type="2" schemaName="createdby" displayName="Created By" parentSchemaName="msdyn_segment" parentDisplayName="Segment" />
      </MissingDependency>
      <MissingDependency>
        <Required type="1" schemaName="msdyn_segment" displayName="Segment" solution="msdyn_segment (9.1.2208.2001)" />
        <Dependent type="2" schemaName="createdonbehalfby" displayName="Created By (Delegate)" parentSchemaName="msdyn_segment" parentDisplayName="Segment" />
      </MissingDependency>
      <MissingDependency>
        <Required type="1" schemaName="msdyn_segment" displayName="Segment" solution="msdyn_segment (9.1.2208.2001)" />
        <Dependent type="2" schemaName="modifiedby" displayName="Modified By" parentSchemaName="msdyn_segment" parentDisplayName="Segment" />
      </MissingDependency>
      <MissingDependency>
        <Required type="1" schemaName="msdyn_segment" displayName="Segment" solution="msdyn_segment (9.1.2208.2001)" />
        <Dependent type="2" schemaName="modifiedonbehalfby" displayName="Modified By (Delegate)" parentSchemaName="msdyn_segment" parentDisplayName="Segment" />
      </MissingDependency>
      <MissingDependency>
        <Required type="1" schemaName="msdyn_segment" displayName="Segment" solution="msdyn_segment (9.1.2208.2001)" />
        <Dependent type="2" schemaName="ownerid" displayName="Owner" parentSchemaName="msdyn_segment" parentDisplayName="Segment" />
      </MissingDependency>
      <MissingDependency>
        <Required type="1" schemaName="msdyn_segment" displayName="Segment" solution="msdyn_segment (9.1.2208.2001)" />
        <Dependent type="2" schemaName="owneridtype" parentSchemaName="msdyn_segment" parentDisplayName="Segment" />
      </MissingDependency>
      <MissingDependency>
        <Required type="1" schemaName="msdyn_segment" displayName="Segment" solution="msdyn_segment (9.1.2208.2001)" />
        <Dependent type="2" schemaName="owningbusinessunit" displayName="Owning Business Unit" parentSchemaName="msdyn_segment" parentDisplayName="Segment" />
      </MissingDependency>
      <MissingDependency>
        <Required type="1" schemaName="msdyn_segment" displayName="Segment" solution="msdyn_segment (9.1.2208.2001)" />
        <Dependent type="2" schemaName="versionnumber" displayName="Version Number" parentSchemaName="msdyn_segment" parentDisplayName="Segment" />
      </MissingDependency>
      <MissingDependency>
        <Required type="1" schemaName="msdyn_sequence" displayName="Sequence" solution="msdyn_Sequence (9.1.2208.2004)" />
        <Dependent type="10" schemaName="msdyn_msdyn_sequence_msdyn_segment_Sequence" displayName="msdyn_msdyn_sequence_msdyn_segment_Sequence" parentSchemaName="msdyn_sequence" parentDisplayName="Sequence" />
      </MissingDependency>
      <MissingDependency>
        <Required type="1" schemaName="msdyn_sequencetarget" displayName="Sequence Target" solution="msdyn_Sequence (9.1.2208.2004)" />
        <Dependent type="1" schemaName="msdyn_sequencetarget" displayName="Sequence Target" />
      </MissingDependency>
      <MissingDependency>
        <Required type="1" schemaName="msdyn_sequencetarget" displayName="Sequence Target" solution="msdyn_Sequence (9.1.2208.2004)" />
        <Dependent type="2" schemaName="msdyn_target" displayName="Target Record" parentSchemaName="msdyn_sequencetarget" parentDisplayName="Sequence Target" />
      </MissingDependency>
      <MissingDependency>
        <Required type="1" schemaName="msdyn_swarm" displayName="Swarm" solution="msdyn_Swarming (9.0.22082.1003)" />
        <Dependent type="1" schemaName="msdyn_swarm" displayName="Swarm" />
      </MissingDependency>
      <MissingDependency>
        <Required type="1" schemaName="msdyn_swarm" displayName="Swarm" solution="msdyn_Swarming (9.0.22082.1003)" />
        <Dependent type="2" schemaName="msdyn_swarmrelatedrecordid" displayName="Swarm related record" parentSchemaName="msdyn_swarm" parentDisplayName="Swarm" />
      </MissingDependency>
      <MissingDependency>
        <Required type="1" schemaName="opportunity" displayName="Opportunity" solution="msdynce_Sales (9.0.4.0076)" />
        <Dependent type="1" schemaName="msdyn_segment" displayName="Segment" />
      </MissingDependency>
      <MissingDependency>
        <Required type="1" schemaName="opportunity" displayName="Opportunity" solution="msdynce_Sales (9.0.4.0076)" />
        <Dependent type="60" displayName="Contact" parentDisplayName="Contact" id="{1fed44d1-ae68-4a41-bd2b-f13acac4acfa}" />
      </MissingDependency>
      <MissingDependency>
        <Required type="1" schemaName="opportunity" displayName="Opportunity" solution="msdynce_Sales (9.0.4.0076)" />
        <Dependent type="60" displayName="Sales Insights" parentDisplayName="Contact" id="{293c878f-f068-40a0-ae48-4297e060871c}" />
      </MissingDependency>
      <MissingDependency>
        <Required type="1" schemaName="opportunity" displayName="Opportunity" solution="msdynce_Sales (9.0.4.0076)" />
        <Dependent type="60" displayName="Sales Insights" parentDisplayName="Account" id="{cb430327-bcc1-416d-959d-db7592e685af}" />
      </MissingDependency>
      <MissingDependency>
        <Required type="10" schemaName="msdyn_account_dailyaccountkpiitem_entityid" displayName="msdyn_account_dailyaccountkpiitem_entityid" parentSchemaName="account" parentDisplayName="Account" solution="RelationshipAnalytics (9.0.1.1698)" />
        <Dependent type="10" schemaName="msdyn_account_dailyaccountkpiitem_entityid" displayName="msdyn_account_dailyaccountkpiitem_entityid" parentSchemaName="account" parentDisplayName="Account" />
      </MissingDependency>
      <MissingDependency>
        <Required type="10" schemaName="msdyn_account_msdyn_accountkpiitem_accountid" displayName="msdyn_account_msdyn_accountkpiitem_accountid" parentSchemaName="account" parentDisplayName="Account" solution="RelationshipAnalytics (9.0.1.1698)" />
        <Dependent type="10" schemaName="msdyn_account_msdyn_accountkpiitem_accountid" displayName="msdyn_account_msdyn_accountkpiitem_accountid" parentSchemaName="account" parentDisplayName="Account" />
      </MissingDependency>
      <MissingDependency>
        <Required type="10" schemaName="msdyn_account_msdyn_aicontactsuggestion_sourcerecord" displayName="msdyn_account_msdyn_aicontactsuggestion_sourcerecord" parentSchemaName="account" parentDisplayName="Account" solution="msdyn_Collaboration (9.1.22082.10003)" />
        <Dependent type="10" schemaName="msdyn_account_msdyn_aicontactsuggestion_sourcerecord" displayName="msdyn_account_msdyn_aicontactsuggestion_sourcerecord" parentSchemaName="account" parentDisplayName="Account" />
      </MissingDependency>
      <MissingDependency>
        <Required type="10" schemaName="msdyn_account_msdyn_customerasset_Account" displayName="msdyn_account_msdyn_customerasset_Account" parentSchemaName="account" parentDisplayName="Account" solution="msdyn_AssetCommon (1.0.26.9)">
          <package>msdynce_ServiceAnchor (9.0.22084.1015)</package>
        </Required>
        <Dependent type="10" schemaName="msdyn_account_msdyn_customerasset_Account" displayName="msdyn_account_msdyn_customerasset_Account" parentSchemaName="account" parentDisplayName="Account" />
      </MissingDependency>
      <MissingDependency>
        <Required type="10" schemaName="msdyn_account_msdyn_customerasset_Account" displayName="msdyn_account_msdyn_customerasset_Account" parentSchemaName="account" parentDisplayName="Account" solution="msdyn_AssetCommon (1.0.26.9)">
          <package>msdynce_ServiceAnchor (9.0.22084.1015)</package>
        </Required>
        <Dependent type="60" displayName="Account for Interactive experience" parentDisplayName="Account" id="{a72c7955-442b-4ea4-9499-b10cd18b4256}" />
      </MissingDependency>
      <MissingDependency>
        <Required type="10" schemaName="msdyn_account_msdyn_iotdevice_Account" displayName="msdyn_account_msdyn_iotdevice_Account" parentSchemaName="account" parentDisplayName="Account" solution="IoTConnector (1.8.9.7)">
          <package>msdynce_ServiceAnchor (9.0.22084.1015)</package>
        </Required>
        <Dependent type="10" schemaName="msdyn_account_msdyn_iotdevice_Account" displayName="msdyn_account_msdyn_iotdevice_Account" parentSchemaName="account" parentDisplayName="Account" />
      </MissingDependency>
      <MissingDependency>
        <Required type="10" schemaName="msdyn_account_msdyn_liveconversation_Customer" displayName="msdyn_account_msdyn_liveconversation_Customer" parentSchemaName="account" parentDisplayName="Account" solution="OmnichannelBase (1.5.0.5812)" />
        <Dependent type="10" schemaName="msdyn_account_msdyn_liveconversation_Customer" displayName="msdyn_account_msdyn_liveconversation_Customer" parentSchemaName="account" parentDisplayName="Account" />
      </MissingDependency>
      <MissingDependency>
        <Required type="10" schemaName="msdyn_account_msdyn_mostcontacted_regardingObjectId" displayName="msdyn_account_msdyn_mostcontacted_regardingObjectId" parentSchemaName="account" parentDisplayName="Account" solution="RelationshipAnalytics (9.0.1.1698)" />
        <Dependent type="10" schemaName="msdyn_account_msdyn_mostcontacted_regardingObjectId" displayName="msdyn_account_msdyn_mostcontacted_regardingObjectId" parentSchemaName="account" parentDisplayName="Account" />
      </MissingDependency>
      <MissingDependency>
        <Required type="10" schemaName="msdyn_account_msdyn_mostcontactedby_regardingObjectId" displayName="msdyn_account_msdyn_mostcontactedby_regardingObjectId" parentSchemaName="account" parentDisplayName="Account" solution="RelationshipAnalytics (9.0.1.1698)" />
        <Dependent type="10" schemaName="msdyn_account_msdyn_mostcontactedby_regardingObjectId" displayName="msdyn_account_msdyn_mostcontactedby_regardingObjectId" parentSchemaName="account" parentDisplayName="Account" />
      </MissingDependency>
      <MissingDependency>
        <Required type="10" schemaName="msdyn_account_msdyn_ocliveworkitem_Customer" displayName="msdyn_account_msdyn_ocliveworkitem_Customer" parentSchemaName="account" parentDisplayName="Account" solution="OmnichannelBase (1.5.0.5812)" />
        <Dependent type="10" schemaName="msdyn_account_msdyn_ocliveworkitem_Customer" displayName="msdyn_account_msdyn_ocliveworkitem_Customer" parentSchemaName="account" parentDisplayName="Account" />
      </MissingDependency>
      <MissingDependency>
        <Required type="10" schemaName="msdyn_account_msdyn_salespremiumdemo_account" displayName="msdyn_account_msdyn_salespremiumdemo_account" parentSchemaName="account" parentDisplayName="Account" solution="msdyn_SalesPremiumSampleData (9.0.1.1128)" />
        <Dependent type="10" schemaName="msdyn_account_msdyn_salespremiumdemo_account" displayName="msdyn_account_msdyn_salespremiumdemo_account" parentSchemaName="account" parentDisplayName="Account" />
      </MissingDependency>
      <MissingDependency>
        <Required type="10" schemaName="msdyn_msdyn_preferredagent_account_msdyn_recordId" displayName="msdyn_msdyn_preferredagent_account_msdyn_recordId" parentSchemaName="account" parentDisplayName="Account" solution="UnifiedRouting (1.0.0.2650)" />
        <Dependent type="10" schemaName="msdyn_msdyn_preferredagent_account_msdyn_recordId" displayName="msdyn_msdyn_preferredagent_account_msdyn_recordId" parentSchemaName="account" parentDisplayName="Account" />
      </MissingDependency>
      <MissingDependency>
        <Required type="10" schemaName="msdyn_salesaccelerationinsights_account" displayName="msdyn_salesaccelerationinsights_account" parentSchemaName="account" parentDisplayName="Account" solution="msdyn_acceleratedsales (9.1.22082.10003)" />
        <Dependent type="10" schemaName="msdyn_salesaccelerationinsights_account" displayName="msdyn_salesaccelerationinsights_account" parentSchemaName="account" parentDisplayName="Account" />
      </MissingDependency>
      <MissingDependency>
        <Required type="10" schemaName="msdyn_salessuggestion_account" displayName="msdyn_salessuggestion_account" parentSchemaName="account" parentDisplayName="Account" solution="msdyn_acceleratedsales (9.1.22082.10003)" />
        <Dependent type="10" schemaName="msdyn_salessuggestion_account" displayName="msdyn_salessuggestion_account" parentSchemaName="account" parentDisplayName="Account" />
      </MissingDependency>
      <MissingDependency>
        <Required type="10" schemaName="msdyn_sequencetarget_account_msdyn_target" displayName="msdyn_sequencetarget_account_msdyn_target" parentSchemaName="account" parentDisplayName="Account" solution="msdyn_Sequence (9.1.2208.2004)" />
        <Dependent type="10" schemaName="msdyn_sequencetarget_account_msdyn_target" displayName="msdyn_sequencetarget_account_msdyn_target" parentSchemaName="account" parentDisplayName="Account" />
      </MissingDependency>
      <MissingDependency>
        <Required type="10" schemaName="msdyn_swarm_account" displayName="msdyn_swarm_account" parentSchemaName="account" parentDisplayName="Account" solution="msdyn_Swarming (9.0.22082.1003)" />
        <Dependent type="10" schemaName="msdyn_swarm_account" displayName="msdyn_swarm_account" parentSchemaName="account" parentDisplayName="Account" />
      </MissingDependency>
      <MissingDependency>
        <Required type="10" schemaName="msdyn_msdyn_accountkpiitem_account_accountkpiid" displayName="msdyn_msdyn_accountkpiitem_account_accountkpiid" parentSchemaName="msdyn_accountkpiitem" parentDisplayName="Account KPI Item" solution="RelationshipAnalytics (9.0.1.1698)" />
        <Dependent type="10" schemaName="msdyn_msdyn_accountkpiitem_account_accountkpiid" displayName="msdyn_msdyn_accountkpiitem_account_accountkpiid" parentSchemaName="msdyn_accountkpiitem" parentDisplayName="Account KPI Item" />
      </MissingDependency>
      <MissingDependency>
        <Required type="10" schemaName="msdyn_insightsid_salesaccelerationinsights" displayName="msdyn_insightsid_salesaccelerationinsights" parentSchemaName="msdyn_salesaccelerationinsight" parentDisplayName="Sales acceleration insights" solution="msdyn_acceleratedsales (9.1.22082.10003)" />
        <Dependent type="10" schemaName="msdyn_insightsid_salesaccelerationinsights" displayName="msdyn_insightsid_salesaccelerationinsights" parentSchemaName="msdyn_salesaccelerationinsight" parentDisplayName="Sales acceleration insights" />
      </MissingDependency>
      <MissingDependency>
        <Required type="10" schemaName="msdyn_msdyn_sequence_msdyn_segment_Sequence" displayName="msdyn_msdyn_sequence_msdyn_segment_Sequence" parentSchemaName="msdyn_sequence" parentDisplayName="Sequence" solution="msdyn_segment (9.1.2208.2001)" />
        <Dependent type="10" schemaName="msdyn_msdyn_sequence_msdyn_segment_Sequence" displayName="msdyn_msdyn_sequence_msdyn_segment_Sequence" parentSchemaName="msdyn_sequence" parentDisplayName="Sequence" />
      </MissingDependency>
      <MissingDependency>
        <Required type="2" schemaName="defaultpricelevelid" displayName="Price List" parentSchemaName="account" parentDisplayName="Account" solution="msdynce_ProductManagement (9.0.4.0066)" />
        <Dependent type="60" displayName="Information" parentDisplayName="Account" id="{b053a39a-041a-4356-acef-ddf00182762b}" />
      </MissingDependency>
      <MissingDependency>
        <Required type="2" schemaName="msdyn_accountkpiid" displayName="KPI" parentSchemaName="account" parentDisplayName="Account" solution="RelationshipAnalytics (9.0.1.1698)" />
        <Dependent type="10" schemaName="msdyn_msdyn_accountkpiitem_account_accountkpiid" displayName="msdyn_msdyn_accountkpiitem_account_accountkpiid" parentSchemaName="msdyn_accountkpiitem" parentDisplayName="Account KPI Item" />
      </MissingDependency>
      <MissingDependency>
        <Required type="2" schemaName="msdyn_salesaccelerationinsightid" displayName="Sales Acceleration Insights ID" parentSchemaName="account" parentDisplayName="Account" solution="msdyn_acceleratedsales (9.1.22082.10003)" />
        <Dependent type="10" schemaName="msdyn_insightsid_salesaccelerationinsights" displayName="msdyn_insightsid_salesaccelerationinsights" parentSchemaName="msdyn_salesaccelerationinsight" parentDisplayName="Sales acceleration insights" />
      </MissingDependency>
      <MissingDependency>
        <Required type="2" schemaName="originatingleadid" displayName="Originating Lead" parentSchemaName="account" parentDisplayName="Account" solution="msdynce_LeadManagement (9.0.4.0066)" />
        <Dependent type="60" displayName="Account for Interactive experience" parentDisplayName="Account" id="{a72c7955-442b-4ea4-9499-b10cd18b4256}" />
      </MissingDependency>
      <MissingDependency>
        <Required type="2" schemaName="originatingleadid" displayName="Originating Lead" parentSchemaName="account" parentDisplayName="Account" solution="msdynce_LeadManagement (9.0.4.0066)" />
        <Dependent type="60" displayName="Information" parentDisplayName="Account" id="{b053a39a-041a-4356-acef-ddf00182762b}" />
      </MissingDependency>
      <MissingDependency>
        <Required type="2" schemaName="originatingleadid" displayName="Originating Lead" parentSchemaName="account" parentDisplayName="Account" solution="msdynce_LeadManagement (9.0.4.0066)" />
        <Dependent type="60" displayName="Sales Insights" parentDisplayName="Account" id="{cb430327-bcc1-416d-959d-db7592e685af}" />
      </MissingDependency>
      <MissingDependency>
        <Required type="2" schemaName="originatingleadid" displayName="Originating Lead" parentSchemaName="account" parentDisplayName="Account" solution="msdynce_LeadManagement (9.0.4.0066)" />
        <Dependent type="60" displayName="Account for Multisession experience" parentDisplayName="Account" id="{ff49442f-8c60-4877-bdae-8fe51e6f4636}" />
      </MissingDependency>
      <MissingDependency>
        <Required type="2" schemaName="territoryid" displayName="Territory" parentSchemaName="account" parentDisplayName="Account" solution="msdynce_Sales (9.0.4.0076)" />
        <Dependent type="60" displayName="Information" parentDisplayName="Account" id="{b053a39a-041a-4356-acef-ddf00182762b}" />
      </MissingDependency>
      <MissingDependency>
        <Required type="2" schemaName="businesscard" displayName="Business Card" parentSchemaName="contact" parentDisplayName="Contact" solution="msdynce_SalesPatch201904 (9.0.1912.1007)" />
        <Dependent type="60" displayName="Contact" parentDisplayName="Contact" id="{1fed44d1-ae68-4a41-bd2b-f13acac4acfa}" />
      </MissingDependency>
      <MissingDependency>
        <Required type="2" schemaName="businesscardattributes" displayName="BusinessCardAttributes" parentSchemaName="contact" parentDisplayName="Contact" solution="msdynce_SalesPatch201904 (9.0.1912.1007)" />
        <Dependent type="60" displayName="Contact" parentDisplayName="Contact" id="{1fed44d1-ae68-4a41-bd2b-f13acac4acfa}" />
      </MissingDependency>
      <MissingDependency>
        <Required type="2" schemaName="originatingleadid" displayName="Originating Lead" parentSchemaName="contact" parentDisplayName="Contact" solution="msdynce_LeadManagement (9.0.4.0066)" />
        <Dependent type="60" displayName="Contact" parentDisplayName="Contact" id="{1fed44d1-ae68-4a41-bd2b-f13acac4acfa}" />
      </MissingDependency>
      <MissingDependency>
        <Required type="2" schemaName="originatingleadid" displayName="Originating Lead" parentSchemaName="contact" parentDisplayName="Contact" solution="msdynce_LeadManagement (9.0.4.0066)" />
        <Dependent type="60" displayName="Sales Insights" parentDisplayName="Contact" id="{293c878f-f068-40a0-ae48-4297e060871c}" />
      </MissingDependency>
      <MissingDependency>
        <Required type="2" schemaName="originatingleadid" displayName="Originating Lead" parentSchemaName="contact" parentDisplayName="Contact" solution="msdynce_LeadManagement (9.0.4.0066)" />
        <Dependent type="60" displayName="Contact for Interactive experience" parentDisplayName="Contact" id="{cc760212-3eab-4009-b5c3-ea9cf6f3e141}" />
      </MissingDependency>
      <MissingDependency>
        <Required type="2" schemaName="originatingleadid" displayName="Originating Lead" parentSchemaName="contact" parentDisplayName="Contact" solution="msdynce_LeadManagement (9.0.4.0066)" />
        <Dependent type="60" displayName="Contact for Multisession experience" parentDisplayName="Contact" id="{e06af4d1-2812-45c7-a9c2-9fb73fee7bec}" />
      </MissingDependency>
      <MissingDependency>
        <Required type="2" schemaName="customerid" displayName="Customer" parentSchemaName="contract" parentDisplayName="Contract" solution="msdynce_Service (9.0.5.56)">
          <package>msdynce_ServiceAnchor (9.0.22084.1015)</package>
        </Required>
        <Dependent type="2" schemaName="customerid" displayName="Customer" parentSchemaName="contract" parentDisplayName="Contract" />
      </MissingDependency>
      <MissingDependency>
        <Required type="2" schemaName="msdyn_accountid" displayName="AccountID" parentSchemaName="msdyn_accountkpiitem" parentDisplayName="Account KPI Item" solution="RelationshipAnalytics (9.0.1.1698)" />
        <Dependent type="10" schemaName="msdyn_account_msdyn_accountkpiitem_accountid" displayName="msdyn_account_msdyn_accountkpiitem_accountid" parentSchemaName="account" parentDisplayName="Account" />
      </MissingDependency>
      <MissingDependency>
        <Required type="2" schemaName="msdyn_accountid" displayName="AccountID" parentSchemaName="msdyn_accountkpiitem" parentDisplayName="Account KPI Item" solution="RelationshipAnalytics (9.0.1.1698)" />
        <Dependent type="2" schemaName="msdyn_accountid" displayName="AccountID" parentSchemaName="msdyn_accountkpiitem" parentDisplayName="Account KPI Item" />
      </MissingDependency>
      <MissingDependency>
        <Required type="2" schemaName="msdyn_accountkpiitemid" displayName="Unique Identifier for Entity Instances" parentSchemaName="msdyn_accountkpiitem" parentDisplayName="Account KPI Item" solution="RelationshipAnalytics (9.0.1.1698)" />
        <Dependent type="10" schemaName="msdyn_msdyn_accountkpiitem_account_accountkpiid" displayName="msdyn_msdyn_accountkpiitem_account_accountkpiid" parentSchemaName="msdyn_accountkpiitem" parentDisplayName="Account KPI Item" />
      </MissingDependency>
      <MissingDependency>
        <Required type="2" schemaName="msdyn_name" displayName="Custom Entity Name" parentSchemaName="msdyn_accountkpiitem" parentDisplayName="Account KPI Item" solution="RelationshipAnalytics (9.0.1.1698)" />
        <Dependent type="10" schemaName="msdyn_msdyn_accountkpiitem_account_accountkpiid" displayName="msdyn_msdyn_accountkpiitem_account_accountkpiid" parentSchemaName="msdyn_accountkpiitem" parentDisplayName="Account KPI Item" />
      </MissingDependency>
      <MissingDependency>
        <Required type="2" schemaName="msdyn_sourcerecord" displayName="Source Entity" parentSchemaName="msdyn_aicontactsuggestion" parentDisplayName="Teams Contact Suggestion by AI" solution="msdyn_Collaboration (9.1.22082.10003)" />
        <Dependent type="2" schemaName="msdyn_sourcerecord" displayName="Source Entity" parentSchemaName="msdyn_aicontactsuggestion" parentDisplayName="Teams Contact Suggestion by AI" />
      </MissingDependency>
      <MissingDependency>
        <Required type="2" schemaName="msdyn_account" displayName="Account" parentSchemaName="msdyn_customerasset" parentDisplayName="Customer Asset" solution="msdyn_AssetCommon (1.0.26.9)">
          <package>msdynce_ServiceAnchor (9.0.22084.1015)</package>
        </Required>
        <Dependent type="10" schemaName="msdyn_account_msdyn_customerasset_Account" displayName="msdyn_account_msdyn_customerasset_Account" parentSchemaName="account" parentDisplayName="Account" />
      </MissingDependency>
      <MissingDependency>
        <Required type="2" schemaName="msdyn_account" displayName="Account" parentSchemaName="msdyn_customerasset" parentDisplayName="Customer Asset" solution="msdyn_AssetCommon (1.0.26.9)">
          <package>msdynce_ServiceAnchor (9.0.22084.1015)</package>
        </Required>
        <Dependent type="2" schemaName="msdyn_account" displayName="Account" parentSchemaName="msdyn_customerasset" parentDisplayName="Customer Asset" />
      </MissingDependency>
      <MissingDependency>
        <Required type="2" schemaName="msdyn_entityid" displayName="Account ID" parentSchemaName="msdyn_dailyaccountkpiitem" parentDisplayName="Daily Kpis for account" solution="RelationshipAnalytics (9.0.1.1698)" />
        <Dependent type="10" schemaName="msdyn_account_dailyaccountkpiitem_entityid" displayName="msdyn_account_dailyaccountkpiitem_entityid" parentSchemaName="account" parentDisplayName="Account" />
      </MissingDependency>
      <MissingDependency>
        <Required type="2" schemaName="msdyn_entityid" displayName="Account ID" parentSchemaName="msdyn_dailyaccountkpiitem" parentDisplayName="Daily Kpis for account" solution="RelationshipAnalytics (9.0.1.1698)" />
        <Dependent type="2" schemaName="msdyn_entityid" displayName="Account ID" parentSchemaName="msdyn_dailyaccountkpiitem" parentDisplayName="Daily Kpis for account" />
      </MissingDependency>
      <MissingDependency>
        <Required type="2" schemaName="msdyn_account" displayName="Account" parentSchemaName="msdyn_iotdevice" parentDisplayName="IoT Device" solution="IoTConnector (1.8.9.7)">
          <package>msdynce_ServiceAnchor (9.0.22084.1015)</package>
        </Required>
        <Dependent type="10" schemaName="msdyn_account_msdyn_iotdevice_Account" displayName="msdyn_account_msdyn_iotdevice_Account" parentSchemaName="account" parentDisplayName="Account" />
      </MissingDependency>
      <MissingDependency>
        <Required type="2" schemaName="msdyn_account" displayName="Account" parentSchemaName="msdyn_iotdevice" parentDisplayName="IoT Device" solution="IoTConnector (1.8.9.7)">
          <package>msdynce_ServiceAnchor (9.0.22084.1015)</package>
        </Required>
        <Dependent type="2" schemaName="msdyn_account" displayName="Account" parentSchemaName="msdyn_iotdevice" parentDisplayName="IoT Device" />
      </MissingDependency>
      <MissingDependency>
        <Required type="2" schemaName="msdyn_customer" displayName="Customer" parentSchemaName="msdyn_liveconversation" parentDisplayName="Ongoing conversation (Deprecated)" solution="OmnichannelBase (1.5.0.5812)" />
        <Dependent type="2" schemaName="msdyn_customer" displayName="Customer" parentSchemaName="msdyn_liveconversation" parentDisplayName="Ongoing conversation (Deprecated)" />
      </MissingDependency>
      <MissingDependency>
        <Required type="2" schemaName="msdyn_customername" parentSchemaName="msdyn_liveconversation" parentDisplayName="Ongoing conversation (Deprecated)" solution="Active" />
        <Dependent type="2" schemaName="msdyn_customer" displayName="Customer" parentSchemaName="msdyn_liveconversation" parentDisplayName="Ongoing conversation (Deprecated)" />
      </MissingDependency>
      <MissingDependency>
        <Required type="2" schemaName="msdyn_account_regardingobjectid" displayName="Regarding" parentSchemaName="msdyn_mostcontacted" parentDisplayName="Most Contacted" solution="RelationshipAnalytics (9.0.1.1698)" />
        <Dependent type="10" schemaName="msdyn_account_msdyn_mostcontacted_regardingObjectId" displayName="msdyn_account_msdyn_mostcontacted_regardingObjectId" parentSchemaName="account" parentDisplayName="Account" />
      </MissingDependency>
      <MissingDependency>
        <Required type="2" schemaName="msdyn_account_regardingobjectid" displayName="Regarding" parentSchemaName="msdyn_mostcontacted" parentDisplayName="Most Contacted" solution="RelationshipAnalytics (9.0.1.1698)" />
        <Dependent type="2" schemaName="msdyn_account_regardingobjectid" displayName="Regarding" parentSchemaName="msdyn_mostcontacted" parentDisplayName="Most Contacted" />
      </MissingDependency>
      <MissingDependency>
        <Required type="2" schemaName="msdyn_account_regardingobjectid" displayName="Regarding" parentSchemaName="msdyn_mostcontactedby" parentDisplayName="Most Contacted By" solution="RelationshipAnalytics (9.0.1.1698)" />
        <Dependent type="10" schemaName="msdyn_account_msdyn_mostcontactedby_regardingObjectId" displayName="msdyn_account_msdyn_mostcontactedby_regardingObjectId" parentSchemaName="account" parentDisplayName="Account" />
      </MissingDependency>
      <MissingDependency>
        <Required type="2" schemaName="msdyn_account_regardingobjectid" displayName="Regarding" parentSchemaName="msdyn_mostcontactedby" parentDisplayName="Most Contacted By" solution="RelationshipAnalytics (9.0.1.1698)" />
        <Dependent type="2" schemaName="msdyn_account_regardingobjectid" displayName="Regarding" parentSchemaName="msdyn_mostcontactedby" parentDisplayName="Most Contacted By" />
      </MissingDependency>
      <MissingDependency>
        <Required type="2" schemaName="msdyn_customer" displayName="Customer" parentSchemaName="msdyn_ocliveworkitem" parentDisplayName="Conversation" solution="OmnichannelBase (1.5.0.5812)" />
        <Dependent type="2" schemaName="msdyn_customer" displayName="Customer" parentSchemaName="msdyn_ocliveworkitem" parentDisplayName="Conversation" />
      </MissingDependency>
      <MissingDependency>
        <Required type="2" schemaName="msdyn_customername" parentSchemaName="msdyn_ocliveworkitem" parentDisplayName="Conversation" solution="Active" />
        <Dependent type="2" schemaName="msdyn_customer" displayName="Customer" parentSchemaName="msdyn_ocliveworkitem" parentDisplayName="Conversation" />
      </MissingDependency>
      <MissingDependency>
        <Required type="2" schemaName="msdyn_recordid" displayName="Record Id" parentSchemaName="msdyn_preferredagent" parentDisplayName="Preferred Agent" solution="UnifiedRouting (1.0.0.2650)" />
        <Dependent type="2" schemaName="msdyn_recordid" displayName="Record Id" parentSchemaName="msdyn_preferredagent" parentDisplayName="Preferred Agent" />
      </MissingDependency>
      <MissingDependency>
        <Required type="2" schemaName="msdyn_recordidname" parentSchemaName="msdyn_preferredagent" parentDisplayName="Preferred Agent" solution="Active" />
        <Dependent type="2" schemaName="msdyn_recordid" displayName="Record Id" parentSchemaName="msdyn_preferredagent" parentDisplayName="Preferred Agent" />
      </MissingDependency>
      <MissingDependency>
        <Required type="2" schemaName="msdyn_name" displayName="Name" parentSchemaName="msdyn_salesaccelerationinsight" parentDisplayName="Sales acceleration insights" solution="msdyn_acceleratedsales (9.1.22082.10003)" />
        <Dependent type="10" schemaName="msdyn_insightsid_salesaccelerationinsights" displayName="msdyn_insightsid_salesaccelerationinsights" parentSchemaName="msdyn_salesaccelerationinsight" parentDisplayName="Sales acceleration insights" />
      </MissingDependency>
      <MissingDependency>
        <Required type="2" schemaName="msdyn_relatedrecord" displayName="Related record" parentSchemaName="msdyn_salesaccelerationinsight" parentDisplayName="Sales acceleration insights" solution="msdyn_acceleratedsales (9.1.22082.10003)" />
        <Dependent type="10" schemaName="msdyn_salesaccelerationinsights_account" displayName="msdyn_salesaccelerationinsights_account" parentSchemaName="account" parentDisplayName="Account" />
      </MissingDependency>
      <MissingDependency>
        <Required type="2" schemaName="msdyn_relatedrecord" displayName="Related record" parentSchemaName="msdyn_salesaccelerationinsight" parentDisplayName="Sales acceleration insights" solution="msdyn_acceleratedsales (9.1.22082.10003)" />
        <Dependent type="2" schemaName="msdyn_relatedrecord" displayName="Related record" parentSchemaName="msdyn_salesaccelerationinsight" parentDisplayName="Sales acceleration insights" />
      </MissingDependency>
      <MissingDependency>
        <Required type="2" schemaName="msdyn_salesaccelerationinsightid" displayName="Sales acceleration insights" parentSchemaName="msdyn_salesaccelerationinsight" parentDisplayName="Sales acceleration insights" solution="msdyn_acceleratedsales (9.1.22082.10003)" />
        <Dependent type="10" schemaName="msdyn_insightsid_salesaccelerationinsights" displayName="msdyn_insightsid_salesaccelerationinsights" parentSchemaName="msdyn_salesaccelerationinsight" parentDisplayName="Sales acceleration insights" />
      </MissingDependency>
      <MissingDependency>
        <Required type="2" schemaName="msdyn_account" displayName="Account" parentSchemaName="msdyn_salespremiumdemo" parentDisplayName="Sales Premium Demo" solution="msdyn_SalesPremiumSampleData (9.0.1.1128)" />
        <Dependent type="10" schemaName="msdyn_account_msdyn_salespremiumdemo_account" displayName="msdyn_account_msdyn_salespremiumdemo_account" parentSchemaName="account" parentDisplayName="Account" />
      </MissingDependency>
      <MissingDependency>
        <Required type="2" schemaName="msdyn_account" displayName="Account" parentSchemaName="msdyn_salespremiumdemo" parentDisplayName="Sales Premium Demo" solution="msdyn_SalesPremiumSampleData (9.0.1.1128)" />
        <Dependent type="2" schemaName="msdyn_account" displayName="Account" parentSchemaName="msdyn_salespremiumdemo" parentDisplayName="Sales Premium Demo" />
      </MissingDependency>
      <MissingDependency>
        <Required type="2" schemaName="msdyn_relatedrecord" displayName="Related record" parentSchemaName="msdyn_salessuggestion" parentDisplayName="Suggestion" solution="msdyn_acceleratedsales (9.1.22082.10003)" />
        <Dependent type="2" schemaName="msdyn_relatedrecord" displayName="Related record" parentSchemaName="msdyn_salessuggestion" parentDisplayName="Suggestion" />
      </MissingDependency>
      <MissingDependency>
        <Required type="2" schemaName="msdyn_relatedrecordname" parentSchemaName="msdyn_salessuggestion" parentDisplayName="Suggestion" solution="Active" />
        <Dependent type="2" schemaName="msdyn_relatedrecord" displayName="Related record" parentSchemaName="msdyn_salessuggestion" parentDisplayName="Suggestion" />
      </MissingDependency>
      <MissingDependency>
        <Required type="2" schemaName="msdyn_name" displayName="Segment name" parentSchemaName="msdyn_segment" parentDisplayName="Segment" solution="msdyn_segment (9.1.2208.2001)" />
        <Dependent type="10" schemaName="msdyn_msdyn_segment_account" displayName="msdyn_msdyn_segment_account" parentSchemaName="msdyn_segment" parentDisplayName="Segment" />
      </MissingDependency>
      <MissingDependency>
        <Required type="2" schemaName="msdyn_segmentid" displayName="segment" parentSchemaName="msdyn_segment" parentDisplayName="Segment" solution="msdyn_segment (9.1.2208.2001)" />
        <Dependent type="10" schemaName="msdyn_msdyn_segment_account" displayName="msdyn_msdyn_segment_account" parentSchemaName="msdyn_segment" parentDisplayName="Segment" />
      </MissingDependency>
      <MissingDependency>
        <Required type="2" schemaName="msdyn_sequence" displayName="Sequence" parentSchemaName="msdyn_segment" parentDisplayName="Segment" solution="msdyn_segment (9.1.2208.2001)" />
        <Dependent type="10" schemaName="msdyn_msdyn_sequence_msdyn_segment_Sequence" displayName="msdyn_msdyn_sequence_msdyn_segment_Sequence" parentSchemaName="msdyn_sequence" parentDisplayName="Sequence" />
      </MissingDependency>
      <MissingDependency>
        <Required type="2" schemaName="msdyn_name" displayName="Name" parentSchemaName="msdyn_sequence" parentDisplayName="Sequence" solution="msdyn_Sequence (9.1.2208.2004)" />
        <Dependent type="10" schemaName="msdyn_msdyn_sequence_msdyn_segment_Sequence" displayName="msdyn_msdyn_sequence_msdyn_segment_Sequence" parentSchemaName="msdyn_sequence" parentDisplayName="Sequence" />
      </MissingDependency>
      <MissingDependency>
        <Required type="2" schemaName="msdyn_sequenceid" displayName="Sequence" parentSchemaName="msdyn_sequence" parentDisplayName="Sequence" solution="msdyn_Sequence (9.1.2208.2004)" />
        <Dependent type="10" schemaName="msdyn_msdyn_sequence_msdyn_segment_Sequence" displayName="msdyn_msdyn_sequence_msdyn_segment_Sequence" parentSchemaName="msdyn_sequence" parentDisplayName="Sequence" />
      </MissingDependency>
      <MissingDependency>
        <Required type="2" schemaName="msdyn_target" displayName="Target Record" parentSchemaName="msdyn_sequencetarget" parentDisplayName="Sequence Target" solution="msdyn_Sequence (9.1.2208.2004)" />
        <Dependent type="2" schemaName="msdyn_target" displayName="Target Record" parentSchemaName="msdyn_sequencetarget" parentDisplayName="Sequence Target" />
      </MissingDependency>
      <MissingDependency>
        <Required type="2" schemaName="msdyn_targetname" parentSchemaName="msdyn_sequencetarget" parentDisplayName="Sequence Target" solution="Active" />
        <Dependent type="2" schemaName="msdyn_target" displayName="Target Record" parentSchemaName="msdyn_sequencetarget" parentDisplayName="Sequence Target" />
      </MissingDependency>
      <MissingDependency>
        <Required type="2" schemaName="msdyn_swarmrelatedrecordid" displayName="Swarm related record" parentSchemaName="msdyn_swarm" parentDisplayName="Swarm" solution="msdyn_Swarming (9.0.22082.1003)" />
        <Dependent type="2" schemaName="msdyn_swarmrelatedrecordid" displayName="Swarm related record" parentSchemaName="msdyn_swarm" parentDisplayName="Swarm" />
      </MissingDependency>
      <MissingDependency>
        <Required type="2" schemaName="msdyn_swarmrelatedrecordidname" parentSchemaName="msdyn_swarm" parentDisplayName="Swarm" solution="Active" />
        <Dependent type="2" schemaName="msdyn_swarmrelatedrecordid" displayName="Swarm related record" parentSchemaName="msdyn_swarm" parentDisplayName="Swarm" />
      </MissingDependency>
      <MissingDependency>
        <Required type="20" displayName="CSR Manager" solution="msdynce_Service (9.0.5.56)" id="{228eb2b9-d260-4e7b-bef1-3c8c7b8e4b1f}" parentId="{1808b939-dd07-4ca7-aa99-ddd2734378f1}">
          <package>msdynce_ServiceAnchor (9.0.22084.1015)</package>
        </Required>
        <Dependent type="60" displayName="Contact for Multisession experience" parentDisplayName="Contact" id="{e06af4d1-2812-45c7-a9c2-9fb73fee7bec}" />
      </MissingDependency>
      <MissingDependency>
        <Required type="20" displayName="CSR Manager" solution="msdynce_Service (9.0.5.56)" id="{228eb2b9-d260-4e7b-bef1-3c8c7b8e4b1f}" parentId="{1808b939-dd07-4ca7-aa99-ddd2734378f1}">
          <package>msdynce_ServiceAnchor (9.0.22084.1015)</package>
        </Required>
        <Dependent type="60" displayName="Account for Multisession experience" parentDisplayName="Account" id="{ff49442f-8c60-4877-bdae-8fe51e6f4636}" />
      </MissingDependency>
      <MissingDependency>
        <Required type="20" displayName="Customer service app access" solution="msdynce_Customerservicehub (9.0.5.0056)" id="{3dac4d9e-568c-e611-80d4-00155d42a122}">
          <package>msdynce_ServiceAnchor (9.0.22084.1015)</package>
        </Required>
        <Dependent type="60" displayName="Contact for Multisession experience" parentDisplayName="Contact" id="{e06af4d1-2812-45c7-a9c2-9fb73fee7bec}" />
      </MissingDependency>
      <MissingDependency>
        <Required type="20" displayName="Customer service app access" solution="msdynce_Customerservicehub (9.0.5.0056)" id="{3dac4d9e-568c-e611-80d4-00155d42a122}">
          <package>msdynce_ServiceAnchor (9.0.22084.1015)</package>
        </Required>
        <Dependent type="60" displayName="Account for Multisession experience" parentDisplayName="Account" id="{ff49442f-8c60-4877-bdae-8fe51e6f4636}" />
      </MissingDependency>
      <MissingDependency>
        <Required type="20" displayName="Customer Service Representative" solution="msdynce_Service (9.0.5.56)" id="{eea5b083-f96a-44bf-9847-55ca5205e411}" parentId="{ecfd0b44-5720-45e3-ae68-417ddb0fb654}">
          <package>msdynce_ServiceAnchor (9.0.22084.1015)</package>
        </Required>
        <Dependent type="60" displayName="Contact for Multisession experience" parentDisplayName="Contact" id="{e06af4d1-2812-45c7-a9c2-9fb73fee7bec}" />
      </MissingDependency>
      <MissingDependency>
        <Required type="20" displayName="Customer Service Representative" solution="msdynce_Service (9.0.5.56)" id="{eea5b083-f96a-44bf-9847-55ca5205e411}" parentId="{ecfd0b44-5720-45e3-ae68-417ddb0fb654}">
          <package>msdynce_ServiceAnchor (9.0.22084.1015)</package>
        </Required>
        <Dependent type="60" displayName="Account for Multisession experience" parentDisplayName="Account" id="{ff49442f-8c60-4877-bdae-8fe51e6f4636}" />
      </MissingDependency>
      <MissingDependency>
        <Required type="26" schemaName="My Active Cases" displayName="My Active Cases" parentSchemaName="incident" parentDisplayName="Case" solution="msdynce_Service (9.0.5.56)" id="{00000000-0000-0000-00aa-000010001028}">
          <package>msdynce_ServiceAnchor (9.0.22084.1015)</package>
        </Required>
        <Dependent type="60" displayName="Contact" parentDisplayName="Contact" id="{1fed44d1-ae68-4a41-bd2b-f13acac4acfa}" />
      </MissingDependency>
      <MissingDependency>
        <Required type="26" schemaName="My Active Cases" displayName="My Active Cases" parentSchemaName="incident" parentDisplayName="Case" solution="msdynce_Service (9.0.5.56)" id="{00000000-0000-0000-00aa-000010001028}">
          <package>msdynce_ServiceAnchor (9.0.22084.1015)</package>
        </Required>
        <Dependent type="60" displayName="Contact for Multisession experience" parentDisplayName="Contact" id="{e06af4d1-2812-45c7-a9c2-9fb73fee7bec}" />
      </MissingDependency>
      <MissingDependency>
        <Required type="26" schemaName="My Active Cases" displayName="My Active Cases" parentSchemaName="incident" parentDisplayName="Case" solution="msdynce_Service (9.0.5.56)" id="{00000000-0000-0000-00aa-000010001028}">
          <package>msdynce_ServiceAnchor (9.0.22084.1015)</package>
        </Required>
        <Dependent type="60" displayName="Account for Multisession experience" parentDisplayName="Account" id="{ff49442f-8c60-4877-bdae-8fe51e6f4636}" />
      </MissingDependency>
      <MissingDependency>
        <Required type="26" schemaName="Active Cases" displayName="Active Cases" parentSchemaName="incident" parentDisplayName="Case" solution="msdynce_Service (9.0.5.56)" id="{00000000-0000-0000-00aa-000010001032}">
          <package>msdynce_ServiceAnchor (9.0.22084.1015)</package>
        </Required>
        <Dependent type="60" displayName="Account for Multisession experience" parentDisplayName="Account" id="{ff49442f-8c60-4877-bdae-8fe51e6f4636}" />
      </MissingDependency>
      <MissingDependency>
        <Required type="26" schemaName="My Open Opportunities" displayName="My Open Opportunities" parentSchemaName="opportunity" parentDisplayName="Opportunity" solution="msdynce_Sales (9.0.4.0076)" id="{00000000-0000-0000-00aa-000010003000}" />
        <Dependent type="60" displayName="Contact" parentDisplayName="Contact" id="{1fed44d1-ae68-4a41-bd2b-f13acac4acfa}" />
      </MissingDependency>
      <MissingDependency>
        <Required type="26" schemaName="My Open Opportunities" displayName="My Open Opportunities" parentSchemaName="opportunity" parentDisplayName="Opportunity" solution="msdynce_Sales (9.0.4.0076)" id="{00000000-0000-0000-00aa-000010003000}" />
        <Dependent type="60" displayName="Sales Insights" parentDisplayName="Contact" id="{293c878f-f068-40a0-ae48-4297e060871c}" />
      </MissingDependency>
      <MissingDependency>
        <Required type="26" schemaName="My Open Opportunities" displayName="My Open Opportunities" parentSchemaName="opportunity" parentDisplayName="Opportunity" solution="msdynce_Sales (9.0.4.0076)" id="{00000000-0000-0000-00aa-000010003000}" />
        <Dependent type="60" displayName="Sales Insights" parentDisplayName="Account" id="{cb430327-bcc1-416d-959d-db7592e685af}" />
      </MissingDependency>
      <MissingDependency>
        <Required type="26" schemaName="Customer Asset associated view with alerts" displayName="Customer Asset associated view with alerts" parentSchemaName="msdyn_customerasset" parentDisplayName="Customer Asset" solution="msdyn_ConnectedCustomerService (9.0.20115.1027)" id="{38cc036f-fbfe-e911-a81c-000d3ac2c6cb}">
          <package>msdynce_ServiceAnchor (9.0.22084.1015)</package>
        </Required>
        <Dependent type="60" displayName="Account for Interactive experience" parentDisplayName="Account" id="{a72c7955-442b-4ea4-9499-b10cd18b4256}" />
      </MissingDependency>
      <MissingDependency>
        <Required type="26" schemaName="All Accounts" displayName="All Accounts" parentSchemaName="account" parentDisplayName="Account" solution="msdynce_AppCommon (9.0.4.0066)" id="{65ffaf9a-e8c5-432d-860b-32f841b00d87}" />
        <Dependent type="60" displayName="Accounts Dashboard" parentDisplayName="Account" id="{15915835-b87c-49ec-9ffc-bfac3ac44ef1}" />
      </MissingDependency>
      <MissingDependency>
        <Required type="26" schemaName="Active Customer Assets" displayName="Active Customer Assets" parentSchemaName="msdyn_customerasset" parentDisplayName="Customer Asset" solution="msdyn_AssetCommon (1.0.26.9)" id="{6ecb03a4-acda-44ae-83e3-c60ba8338dbb}">
          <package>msdynce_ServiceAnchor (9.0.22084.1015)</package>
        </Required>
        <Dependent type="60" displayName="Account for Interactive experience" parentDisplayName="Account" id="{a72c7955-442b-4ea4-9499-b10cd18b4256}" />
      </MissingDependency>
      <MissingDependency>
        <Required type="26" schemaName="Recent Opportunities" displayName="Recent Opportunities" parentSchemaName="opportunity" parentDisplayName="Opportunity" solution="msdynce_Sales (9.0.4.0076)" id="{9c3f7ee8-eca7-e211-9fb6-00155dd0ea05}" />
        <Dependent type="60" displayName="Contact" parentDisplayName="Contact" id="{1fed44d1-ae68-4a41-bd2b-f13acac4acfa}" />
      </MissingDependency>
      <MissingDependency>
        <Required type="26" schemaName="Recent Opportunities" displayName="Recent Opportunities" parentSchemaName="opportunity" parentDisplayName="Opportunity" solution="msdynce_Sales (9.0.4.0076)" id="{9c3f7ee8-eca7-e211-9fb6-00155dd0ea05}" />
        <Dependent type="60" displayName="Sales Insights" parentDisplayName="Contact" id="{293c878f-f068-40a0-ae48-4297e060871c}" />
      </MissingDependency>
      <MissingDependency>
        <Required type="26" schemaName="Recent Opportunities" displayName="Recent Opportunities" parentSchemaName="opportunity" parentDisplayName="Opportunity" solution="msdynce_Sales (9.0.4.0076)" id="{9c3f7ee8-eca7-e211-9fb6-00155dd0ea05}" />
        <Dependent type="60" displayName="Sales Insights" parentDisplayName="Account" id="{cb430327-bcc1-416d-959d-db7592e685af}" />
      </MissingDependency>
      <MissingDependency>
        <Required type="26" schemaName="All Entitlements" displayName="All Entitlements" parentSchemaName="entitlement" parentDisplayName="Entitlement" solution="msdynce_Service (9.0.5.56)" id="{aa69e7e2-913a-4a5a-8609-8ca443554909}">
          <package>msdynce_ServiceAnchor (9.0.22084.1015)</package>
        </Required>
        <Dependent type="60" displayName="Contact" parentDisplayName="Contact" id="{1fed44d1-ae68-4a41-bd2b-f13acac4acfa}" />
      </MissingDependency>
      <MissingDependency>
        <Required type="26" schemaName="Recent Cases" displayName="Recent Cases" parentSchemaName="incident" parentDisplayName="Case" solution="msdynce_Service (9.0.5.56)" id="{ebd1d24a-eea7-e211-9fb6-00155dd0ea05}">
          <package>msdynce_ServiceAnchor (9.0.22084.1015)</package>
        </Required>
        <Dependent type="60" displayName="Contact" parentDisplayName="Contact" id="{1fed44d1-ae68-4a41-bd2b-f13acac4acfa}" />
      </MissingDependency>
      <MissingDependency>
        <Required type="59" schemaName="Active Cases by Agent" displayName="Active Cases by Agent" parentSchemaName="incident" parentDisplayName="Case" solution="msdynce_Service (9.0.5.56)" id="{4143b74e-4a07-4d01-9ffe-2cdcaa4208fd}">
          <package>msdynce_ServiceAnchor (9.0.22084.1015)</package>
        </Required>
        <Dependent type="60" displayName="Contact for Multisession experience" parentDisplayName="Contact" id="{e06af4d1-2812-45c7-a9c2-9fb73fee7bec}" />
      </MissingDependency>
      <MissingDependency>
        <Required type="59" schemaName="Active Cases by Agent" displayName="Active Cases by Agent" parentSchemaName="incident" parentDisplayName="Case" solution="msdynce_Service (9.0.5.56)" id="{4143b74e-4a07-4d01-9ffe-2cdcaa4208fd}">
          <package>msdynce_ServiceAnchor (9.0.22084.1015)</package>
        </Required>
        <Dependent type="60" displayName="Account for Multisession experience" parentDisplayName="Account" id="{ff49442f-8c60-4877-bdae-8fe51e6f4636}" />
      </MissingDependency>
      <MissingDependency>
        <Required type="59" schemaName="Top Customers" displayName="Top Customers" parentSchemaName="opportunity" parentDisplayName="Opportunity" solution="msdynce_Sales (9.0.4.0076)" id="{8bc5fb18-48f2-4782-9e16-3d452fa4ddce}" />
        <Dependent type="60" displayName="Contact" parentDisplayName="Contact" id="{1fed44d1-ae68-4a41-bd2b-f13acac4acfa}" />
      </MissingDependency>
      <MissingDependency>
        <Required type="59" schemaName="Top Customers" displayName="Top Customers" parentSchemaName="opportunity" parentDisplayName="Opportunity" solution="msdynce_Sales (9.0.4.0076)" id="{8bc5fb18-48f2-4782-9e16-3d452fa4ddce}" />
        <Dependent type="60" displayName="Sales Insights" parentDisplayName="Contact" id="{293c878f-f068-40a0-ae48-4297e060871c}" />
      </MissingDependency>
      <MissingDependency>
        <Required type="59" schemaName="Top Customers" displayName="Top Customers" parentSchemaName="opportunity" parentDisplayName="Opportunity" solution="msdynce_Sales (9.0.4.0076)" id="{8bc5fb18-48f2-4782-9e16-3d452fa4ddce}" />
        <Dependent type="60" displayName="Sales Insights" parentDisplayName="Account" id="{cb430327-bcc1-416d-959d-db7592e685af}" />
      </MissingDependency>
      <MissingDependency>
        <Required type="59" schemaName="Case Mix (By Business Unit)" displayName="Case Mix (By Business Unit)" parentSchemaName="incident" parentDisplayName="Case" solution="msdynce_Service (9.0.5.56)" id="{f10375a6-4893-de11-97d4-00155da3b01e}">
          <package>msdynce_ServiceAnchor (9.0.22084.1015)</package>
        </Required>
        <Dependent type="60" displayName="Contact" parentDisplayName="Contact" id="{1fed44d1-ae68-4a41-bd2b-f13acac4acfa}" />
      </MissingDependency>
      <MissingDependency>
        <Required type="59" schemaName="Entitlements Expiration" displayName="Entitlements Expiration" parentSchemaName="entitlement" parentDisplayName="Entitlement" solution="msdynce_Service (9.0.5.56)" id="{fdb919bb-c6fc-4fc8-8fa5-67ace68e41d1}">
          <package>msdynce_ServiceAnchor (9.0.22084.1015)</package>
        </Required>
        <Dependent type="60" displayName="Contact" parentDisplayName="Contact" id="{1fed44d1-ae68-4a41-bd2b-f13acac4acfa}" />
      </MissingDependency>
      <MissingDependency>
        <Required type="60" displayName="Accounts Dashboard" parentDisplayName="Account" solution="msdynce_Service (9.0.5.56)" id="{15915835-b87c-49ec-9ffc-bfac3ac44ef1}">
          <package>msdynce_ServiceAnchor (9.0.22084.1015)</package>
        </Required>
        <Dependent type="60" displayName="Accounts Dashboard" parentDisplayName="Account" id="{15915835-b87c-49ec-9ffc-bfac3ac44ef1}" />
      </MissingDependency>
      <MissingDependency>
        <Required type="60" displayName="Contact" parentDisplayName="Contact" solution="msdynce_AppCommon (9.0.4.0066)" id="{1fed44d1-ae68-4a41-bd2b-f13acac4acfa}" />
        <Dependent type="60" displayName="Contact" parentDisplayName="Contact" id="{1fed44d1-ae68-4a41-bd2b-f13acac4acfa}" />
      </MissingDependency>
      <MissingDependency>
        <Required type="60" displayName="Sales Insights" parentDisplayName="Contact" solution="SICommon (9.0.2.3312)" id="{293c878f-f068-40a0-ae48-4297e060871c}" />
        <Dependent type="60" displayName="Sales Insights" parentDisplayName="Contact" id="{293c878f-f068-40a0-ae48-4297e060871c}" />
      </MissingDependency>
      <MissingDependency>
        <Required type="60" displayName="account contact card" parentDisplayName="Contact" solution="msdynce_AppCommon (9.0.4.0066)" id="{29de27bc-a257-4f29-99cf-bab4a84e688f}" />
        <Dependent type="60" displayName="Contact" parentDisplayName="Contact" id="{1fed44d1-ae68-4a41-bd2b-f13acac4acfa}" />
      </MissingDependency>
      <MissingDependency>
        <Required type="60" displayName="account contact card" parentDisplayName="Contact" solution="msdynce_AppCommon (9.0.4.0066)" id="{29de27bc-a257-4f29-99cf-bab4a84e688f}" />
        <Dependent type="60" displayName="Sales Insights" parentDisplayName="Contact" id="{293c878f-f068-40a0-ae48-4297e060871c}" />
      </MissingDependency>
      <MissingDependency>
        <Required type="60" displayName="account contact card" parentDisplayName="Contact" solution="msdynce_AppCommon (9.0.4.0066)" id="{29de27bc-a257-4f29-99cf-bab4a84e688f}" />
        <Dependent type="60" displayName="Account" parentDisplayName="Account" id="{8448b78f-8f42-454e-8e2a-f8196b0419af}" />
      </MissingDependency>
      <MissingDependency>
        <Required type="60" displayName="account contact card" parentDisplayName="Contact" solution="msdynce_AppCommon (9.0.4.0066)" id="{29de27bc-a257-4f29-99cf-bab4a84e688f}" />
        <Dependent type="60" displayName="Account for Interactive experience" parentDisplayName="Account" id="{a72c7955-442b-4ea4-9499-b10cd18b4256}" />
      </MissingDependency>
      <MissingDependency>
        <Required type="60" displayName="account contact card" parentDisplayName="Contact" solution="msdynce_AppCommon (9.0.4.0066)" id="{29de27bc-a257-4f29-99cf-bab4a84e688f}" />
        <Dependent type="60" displayName="Sales Insights" parentDisplayName="Account" id="{cb430327-bcc1-416d-959d-db7592e685af}" />
      </MissingDependency>
      <MissingDependency>
        <Required type="60" displayName="account contact card" parentDisplayName="Contact" solution="msdynce_AppCommon (9.0.4.0066)" id="{29de27bc-a257-4f29-99cf-bab4a84e688f}" />
        <Dependent type="60" displayName="Account for Multisession experience" parentDisplayName="Account" id="{ff49442f-8c60-4877-bdae-8fe51e6f4636}" />
      </MissingDependency>
      <MissingDependency>
        <Required type="60" displayName="In Context Form" parentDisplayName="Contact" solution="msdynce_DealManager (9.0.220726.2)" id="{4c9c89b9-f909-4b34-8f63-b87d7ff2f0c4}" />
        <Dependent type="60" displayName="In Context Form" parentDisplayName="Contact" id="{4c9c89b9-f909-4b34-8f63-b87d7ff2f0c4}" />
      </MissingDependency>
      <MissingDependency>
        <Required type="60" displayName="TimelineWallControl - Account- Main" parentDisplayName="Account" solution="OmnichannelBase (1.5.0.5812)" id="{6df8e8ce-7655-468c-925e-660d59aa7f4c}" />
        <Dependent type="60" displayName="TimelineWallControl - Account- Main" parentDisplayName="Account" id="{6df8e8ce-7655-468c-925e-660d59aa7f4c}" />
      </MissingDependency>
      <MissingDependency>
        <Required type="60" displayName="contact card" parentDisplayName="Contact" solution="msdynce_AppCommon (9.0.4.0066)" id="{707fc57b-c5e6-471b-a180-e37ed28a38e2}" />
        <Dependent type="60" displayName="Contact for Interactive experience" parentDisplayName="Contact" id="{cc760212-3eab-4009-b5c3-ea9cf6f3e141}" />
      </MissingDependency>
      <MissingDependency>
        <Required type="60" displayName="contact card" parentDisplayName="Contact" solution="msdynce_AppCommon (9.0.4.0066)" id="{707fc57b-c5e6-471b-a180-e37ed28a38e2}" />
        <Dependent type="60" displayName="Contact for Multisession experience" parentDisplayName="Contact" id="{e06af4d1-2812-45c7-a9c2-9fb73fee7bec}" />
      </MissingDependency>
      <MissingDependency>
        <Required type="60" displayName="Account" parentDisplayName="Account" solution="msdynce_AppCommon (9.0.4.0066)" id="{8448b78f-8f42-454e-8e2a-f8196b0419af}" />
        <Dependent type="60" displayName="Account" parentDisplayName="Account" id="{8448b78f-8f42-454e-8e2a-f8196b0419af}" />
      </MissingDependency>
      <MissingDependency>
        <Required type="60" displayName="TimelineWallControl - Contact - Main" parentDisplayName="Contact" solution="OmnichannelBase (1.5.0.5812)" id="{986258b5-2985-4ae0-970a-5e1d108ab793}" />
        <Dependent type="60" displayName="TimelineWallControl - Contact - Main" parentDisplayName="Contact" id="{986258b5-2985-4ae0-970a-5e1d108ab793}" />
      </MissingDependency>
      <MissingDependency>
        <Required type="60" displayName="Account for Interactive experience" parentDisplayName="Account" solution="msdynce_AppCommon (9.0.4.0066)" id="{a72c7955-442b-4ea4-9499-b10cd18b4256}" />
        <Dependent type="60" displayName="Account for Interactive experience" parentDisplayName="Account" id="{a72c7955-442b-4ea4-9499-b10cd18b4256}" />
      </MissingDependency>
      <MissingDependency>
        <Required type="60" displayName="Information" parentDisplayName="Account" solution="msdynce_AppCommon (9.0.4.0066)" id="{b053a39a-041a-4356-acef-ddf00182762b}" />
        <Dependent type="60" displayName="Information" parentDisplayName="Account" id="{b053a39a-041a-4356-acef-ddf00182762b}" />
      </MissingDependency>
      <MissingDependency>
        <Required type="60" displayName="Sales Insights" parentDisplayName="Account" solution="SICommon (9.0.2.3312)" id="{cb430327-bcc1-416d-959d-db7592e685af}" />
        <Dependent type="60" displayName="Sales Insights" parentDisplayName="Account" id="{cb430327-bcc1-416d-959d-db7592e685af}" />
      </MissingDependency>
      <MissingDependency>
        <Required type="60" displayName="Contact for Interactive experience" parentDisplayName="Contact" solution="msdynce_LeadManagement (9.0.4.0066)" id="{cc760212-3eab-4009-b5c3-ea9cf6f3e141}" />
        <Dependent type="60" displayName="Contact for Interactive experience" parentDisplayName="Contact" id="{cc760212-3eab-4009-b5c3-ea9cf6f3e141}" />
      </MissingDependency>
      <MissingDependency>
        <Required type="60" displayName="Contact for Multisession experience" parentDisplayName="Contact" solution="msdynce_ServicePatch201911 (9.0.22084.1015)" id="{e06af4d1-2812-45c7-a9c2-9fb73fee7bec}">
          <package>msdynce_ServiceAnchor (9.0.22084.1015)</package>
        </Required>
        <Dependent type="60" displayName="Contact for Multisession experience" parentDisplayName="Contact" id="{e06af4d1-2812-45c7-a9c2-9fb73fee7bec}" />
      </MissingDependency>
      <MissingDependency>
        <Required type="60" displayName="In Context Form" parentDisplayName="Account" solution="msdynce_DealManager (9.0.220726.2)" id="{face3aa6-99c4-4b7e-af07-55f121cdca86}" />
        <Dependent type="60" displayName="In Context Form" parentDisplayName="Account" id="{face3aa6-99c4-4b7e-af07-55f121cdca86}" />
      </MissingDependency>
      <MissingDependency>
        <Required type="60" displayName="Account for Multisession experience" parentDisplayName="Account" solution="msdynce_ServicePatch201911 (9.0.22084.1015)" id="{ff49442f-8c60-4877-bdae-8fe51e6f4636}">
          <package>msdynce_ServiceAnchor (9.0.22084.1015)</package>
        </Required>
        <Dependent type="60" displayName="Account for Multisession experience" parentDisplayName="Account" id="{ff49442f-8c60-4877-bdae-8fe51e6f4636}" />
      </MissingDependency>
      <MissingDependency>
        <Required type="61" schemaName="AppCommon/Account/Account_main_system_library.js" displayName="AppCommon/Account/Account_main_system_library.js" solution="msdynce_AppCommon (9.0.4.0066)" />
        <Dependent type="60" displayName="TimelineWallControl - Account- Main" parentDisplayName="Account" id="{6df8e8ce-7655-468c-925e-660d59aa7f4c}" />
      </MissingDependency>
      <MissingDependency>
        <Required type="61" schemaName="AppCommon/Account/Account_main_system_library.js" displayName="AppCommon/Account/Account_main_system_library.js" solution="msdynce_AppCommon (9.0.4.0066)" />
        <Dependent type="60" displayName="Account" parentDisplayName="Account" id="{8448b78f-8f42-454e-8e2a-f8196b0419af}" />
      </MissingDependency>
      <MissingDependency>
        <Required type="61" schemaName="AppCommon/Account/Account_main_system_library.js" displayName="AppCommon/Account/Account_main_system_library.js" solution="msdynce_AppCommon (9.0.4.0066)" />
        <Dependent type="60" displayName="Account for Interactive experience" parentDisplayName="Account" id="{a72c7955-442b-4ea4-9499-b10cd18b4256}" />
      </MissingDependency>
      <MissingDependency>
        <Required type="61" schemaName="AppCommon/Account/Account_main_system_library.js" displayName="AppCommon/Account/Account_main_system_library.js" solution="msdynce_AppCommon (9.0.4.0066)" />
        <Dependent type="60" displayName="Information" parentDisplayName="Account" id="{b053a39a-041a-4356-acef-ddf00182762b}" />
      </MissingDependency>
      <MissingDependency>
        <Required type="61" schemaName="AppCommon/Account/Account_main_system_library.js" displayName="AppCommon/Account/Account_main_system_library.js" solution="msdynce_AppCommon (9.0.4.0066)" />
        <Dependent type="60" displayName="Sales Insights" parentDisplayName="Account" id="{cb430327-bcc1-416d-959d-db7592e685af}" />
      </MissingDependency>
      <MissingDependency>
        <Required type="61" schemaName="AppCommon/Account/Account_main_system_library.js" displayName="AppCommon/Account/Account_main_system_library.js" solution="msdynce_AppCommon (9.0.4.0066)" />
        <Dependent type="60" displayName="In Context Form" parentDisplayName="Account" id="{face3aa6-99c4-4b7e-af07-55f121cdca86}" />
      </MissingDependency>
      <MissingDependency>
        <Required type="61" schemaName="AppCommon/Account/Account_main_system_library.js" displayName="AppCommon/Account/Account_main_system_library.js" solution="msdynce_AppCommon (9.0.4.0066)" />
        <Dependent type="60" displayName="Account for Multisession experience" parentDisplayName="Account" id="{ff49442f-8c60-4877-bdae-8fe51e6f4636}" />
      </MissingDependency>
      <MissingDependency>
        <Required type="61" schemaName="AppCommon/Contact/Contact_main_system_library.js" displayName="AppCommon/Contact/Contact_main_system_library.js" solution="msdynce_AppCommon (9.0.4.0066)" />
        <Dependent type="60" displayName="Contact" parentDisplayName="Contact" id="{1fed44d1-ae68-4a41-bd2b-f13acac4acfa}" />
      </MissingDependency>
      <MissingDependency>
        <Required type="61" schemaName="AppCommon/Contact/Contact_main_system_library.js" displayName="AppCommon/Contact/Contact_main_system_library.js" solution="msdynce_AppCommon (9.0.4.0066)" />
        <Dependent type="60" displayName="Sales Insights" parentDisplayName="Contact" id="{293c878f-f068-40a0-ae48-4297e060871c}" />
      </MissingDependency>
      <MissingDependency>
        <Required type="61" schemaName="AppCommon/Contact/Contact_main_system_library.js" displayName="AppCommon/Contact/Contact_main_system_library.js" solution="msdynce_AppCommon (9.0.4.0066)" />
        <Dependent type="60" displayName="TimelineWallControl - Contact - Main" parentDisplayName="Contact" id="{986258b5-2985-4ae0-970a-5e1d108ab793}" />
      </MissingDependency>
      <MissingDependency>
        <Required type="61" schemaName="AppCommon/Contact/Contact_main_system_library.js" displayName="AppCommon/Contact/Contact_main_system_library.js" solution="msdynce_AppCommon (9.0.4.0066)" />
        <Dependent type="60" displayName="Contact for Multisession experience" parentDisplayName="Contact" id="{e06af4d1-2812-45c7-a9c2-9fb73fee7bec}" />
      </MissingDependency>
      <MissingDependency>
        <Required type="61" schemaName="msdyn_/Account/AssetCommon.Account.Library.js" displayName="msdyn_/Account/AssetCommon.Account.Library.js" solution="msdyn_AssetCommon (1.0.26.9)">
          <package>msdynce_ServiceAnchor (9.0.22084.1015)</package>
        </Required>
        <Dependent type="60" displayName="Account" parentDisplayName="Account" id="{8448b78f-8f42-454e-8e2a-f8196b0419af}" />
      </MissingDependency>
      <MissingDependency>
        <Required type="61" schemaName="msdyn_/ACI/Scripts/ACILoader.js" displayName="msdyn_/ACI/Scripts/ACILoader.js" solution="RelationshipAnalytics (9.0.1.1698)" />
        <Dependent type="60" displayName="Sales Insights" parentDisplayName="Contact" id="{293c878f-f068-40a0-ae48-4297e060871c}" />
      </MissingDependency>
      <MissingDependency>
        <Required type="61" schemaName="msdyn_/ACI/Scripts/ACILoader.js" displayName="msdyn_/ACI/Scripts/ACILoader.js" solution="RelationshipAnalytics (9.0.1.1698)" />
        <Dependent type="60" displayName="Sales Insights" parentDisplayName="Account" id="{cb430327-bcc1-416d-959d-db7592e685af}" />
      </MissingDependency>
      <MissingDependency>
        <Required type="61" schemaName="msdyn_/ConnectedCustomerService/Account/AccountForm.js" displayName="msdyn_/ConnectedCustomerService/Account/AccountForm.js" solution="msdyn_ConnectedCustomerService (9.0.20115.1027)">
          <package>msdynce_ServiceAnchor (9.0.22084.1015)</package>
        </Required>
        <Dependent type="60" displayName="Account for Interactive experience" parentDisplayName="Account" id="{a72c7955-442b-4ea4-9499-b10cd18b4256}" />
      </MissingDependency>
      <MissingDependency>
        <Required type="61" schemaName="msdyn_talkingpointsloader.js" displayName="msdyn_talkingpointsloader.js" solution="msdynce_Talkingpoints (9.0.1.701894)" />
        <Dependent type="60" displayName="Contact" parentDisplayName="Contact" id="{1fed44d1-ae68-4a41-bd2b-f13acac4acfa}" />
      </MissingDependency>
      <MissingDependency>
        <Required type="61" schemaName="msdyn_talkingpointsloader.js" displayName="msdyn_talkingpointsloader.js" solution="msdynce_Talkingpoints (9.0.1.701894)" />
        <Dependent type="60" displayName="Sales Insights" parentDisplayName="Contact" id="{293c878f-f068-40a0-ae48-4297e060871c}" />
      </MissingDependency>
      <MissingDependency>
        <Required type="61" schemaName="Sales/ClientCommon/Sales_ClientCommon.js" displayName="Sales/ClientCommon/Sales_ClientCommon.js" solution="msdynce_Sales (9.0.4.0076)" />
        <Dependent type="60" displayName="Contact" parentDisplayName="Contact" id="{1fed44d1-ae68-4a41-bd2b-f13acac4acfa}" />
      </MissingDependency>
      <MissingDependency>
        <Required type="66" schemaName="Intelligence.BusinessCardReaderControl.BusinessCardReader" displayName="Intelligence.BusinessCardReaderControl.BusinessCardReader" solution="BaseCustomControlsCore (9.0.2208.5007)" />
        <Dependent type="60" displayName="Contact" parentDisplayName="Contact" id="{1fed44d1-ae68-4a41-bd2b-f13acac4acfa}" />
      </MissingDependency>
      <MissingDependency>
        <Required type="66" schemaName="MscrmControls.AcceleratedSales.CadenceWidgetControl" displayName="MscrmControls.AcceleratedSales.CadenceWidgetControl" solution="msdyn_acceleratedsales (9.1.22082.10003)" />
        <Dependent type="60" displayName="Sales Insights" parentDisplayName="Contact" id="{293c878f-f068-40a0-ae48-4297e060871c}" />
      </MissingDependency>
      <MissingDependency>
        <Required type="66" schemaName="MscrmControls.AcceleratedSales.CadenceWidgetControl" displayName="MscrmControls.AcceleratedSales.CadenceWidgetControl" solution="msdyn_acceleratedsales (9.1.22082.10003)" />
        <Dependent type="60" displayName="Sales Insights" parentDisplayName="Account" id="{cb430327-bcc1-416d-959d-db7592e685af}" />
      </MissingDependency>
      <MissingDependency>
        <Required type="66" schemaName="MscrmControls.CardFeedContainer.CardFeedContainer" displayName="MscrmControls.CardFeedContainer.CardFeedContainer" solution="BaseCustomControlsCore (9.0.2208.5007)" />
        <Dependent type="60" displayName="Contact" parentDisplayName="Contact" id="{1fed44d1-ae68-4a41-bd2b-f13acac4acfa}" />
      </MissingDependency>
      <MissingDependency>
        <Required type="66" schemaName="MscrmControls.CardFeedContainer.CardFeedContainer" displayName="MscrmControls.CardFeedContainer.CardFeedContainer" solution="BaseCustomControlsCore (9.0.2208.5007)" />
        <Dependent type="60" displayName="Sales Insights" parentDisplayName="Contact" id="{293c878f-f068-40a0-ae48-4297e060871c}" />
      </MissingDependency>
      <MissingDependency>
        <Required type="66" schemaName="MscrmControls.CardFeedContainer.CardFeedContainer" displayName="MscrmControls.CardFeedContainer.CardFeedContainer" solution="BaseCustomControlsCore (9.0.2208.5007)" />
        <Dependent type="60" displayName="In Context Form" parentDisplayName="Contact" id="{4c9c89b9-f909-4b34-8f63-b87d7ff2f0c4}" />
      </MissingDependency>
      <MissingDependency>
        <Required type="66" schemaName="MscrmControls.CardFeedContainer.CardFeedContainer" displayName="MscrmControls.CardFeedContainer.CardFeedContainer" solution="BaseCustomControlsCore (9.0.2208.5007)" />
        <Dependent type="60" displayName="Account" parentDisplayName="Account" id="{8448b78f-8f42-454e-8e2a-f8196b0419af}" />
      </MissingDependency>
      <MissingDependency>
        <Required type="66" schemaName="MscrmControls.CardFeedContainer.CardFeedContainer" displayName="MscrmControls.CardFeedContainer.CardFeedContainer" solution="BaseCustomControlsCore (9.0.2208.5007)" />
        <Dependent type="60" displayName="Sales Insights" parentDisplayName="Account" id="{cb430327-bcc1-416d-959d-db7592e685af}" />
      </MissingDependency>
      <MissingDependency>
        <Required type="66" schemaName="MscrmControls.CardFeedContainer.CardFeedContainer" displayName="MscrmControls.CardFeedContainer.CardFeedContainer" solution="BaseCustomControlsCore (9.0.2208.5007)" />
        <Dependent type="60" displayName="In Context Form" parentDisplayName="Account" id="{face3aa6-99c4-4b7e-af07-55f121cdca86}" />
      </MissingDependency>
      <MissingDependency>
        <Required type="66" schemaName="MscrmControls.RAContainer.RAControl" displayName="MscrmControls.RAContainer.RAControl" solution="RelationshipAnalytics (9.0.1.1698)" />
        <Dependent type="60" displayName="Sales Insights" parentDisplayName="Contact" id="{293c878f-f068-40a0-ae48-4297e060871c}" />
      </MissingDependency>
      <MissingDependency>
        <Required type="66" schemaName="MscrmControls.RAContainer.RAControl" displayName="MscrmControls.RAContainer.RAControl" solution="RelationshipAnalytics (9.0.1.1698)" />
        <Dependent type="60" displayName="Sales Insights" parentDisplayName="Account" id="{cb430327-bcc1-416d-959d-db7592e685af}" />
      </MissingDependency>
      <MissingDependency>
        <Required type="66" schemaName="MscrmControls.RAContainer.RAControlv2" displayName="MscrmControls.RAContainer.RAControlv2" solution="RelationshipAnalytics (9.0.1.1698)" />
        <Dependent type="60" displayName="Sales Insights" parentDisplayName="Contact" id="{293c878f-f068-40a0-ae48-4297e060871c}" />
      </MissingDependency>
      <MissingDependency>
        <Required type="66" schemaName="MscrmControls.RAContainer.RAControlv2" displayName="MscrmControls.RAContainer.RAControlv2" solution="RelationshipAnalytics (9.0.1.1698)" />
        <Dependent type="60" displayName="Sales Insights" parentDisplayName="Account" id="{cb430327-bcc1-416d-959d-db7592e685af}" />
      </MissingDependency>
      <MissingDependency>
        <Required type="66" schemaName="MscrmControls.TalkingPointsControl.TalkingPoints" displayName="MscrmControls.TalkingPointsControl.TalkingPoints" solution="msdynce_Talkingpoints (9.0.1.701894)" />
        <Dependent type="60" displayName="Contact" parentDisplayName="Contact" id="{1fed44d1-ae68-4a41-bd2b-f13acac4acfa}" />
      </MissingDependency>
      <MissingDependency>
        <Required type="66" schemaName="MscrmControls.TalkingPointsControl.TalkingPoints" displayName="MscrmControls.TalkingPointsControl.TalkingPoints" solution="msdynce_Talkingpoints (9.0.1.701894)" />
        <Dependent type="60" displayName="Sales Insights" parentDisplayName="Contact" id="{293c878f-f068-40a0-ae48-4297e060871c}" />
      </MissingDependency>
      <MissingDependency>
        <Required type="66" schemaName="msdyn_MscrmControls.TreeView.TreeViewControl" displayName="msdyn_MscrmControls.TreeView.TreeViewControl" solution="msdyn_AssetCommon (1.0.26.9)">
          <package>msdynce_ServiceAnchor (9.0.22084.1015)</package>
        </Required>
        <Dependent type="60" displayName="Account" parentDisplayName="Account" id="{8448b78f-8f42-454e-8e2a-f8196b0419af}" />
      </MissingDependency>
      <MissingDependency>
        <Required type="66" schemaName="MsdynControls.RAControls.HealthWidget" displayName="MsdynControls.RAControls.HealthWidget" solution="RelationshipAnalytics (9.0.1.1698)" />
        <Dependent type="60" displayName="Sales Insights" parentDisplayName="Contact" id="{293c878f-f068-40a0-ae48-4297e060871c}" />
      </MissingDependency>
      <MissingDependency>
        <Required type="66" schemaName="MsdynControls.WKWControls.ConnectionsWidget" displayName="MsdynControls.WKWControls.ConnectionsWidget" solution="msdyn_connectiongraph (9.2.0.503)" />
        <Dependent type="60" displayName="Sales Insights" parentDisplayName="Contact" id="{293c878f-f068-40a0-ae48-4297e060871c}" />
      </MissingDependency>
    </MissingDependencies>
  </SolutionManifest>
</ImportExportXml>